{
  "version": 3,
  "targets": {
    ".NETFramework,Version=v4.6.1": {
      "AvalonEdit/5.0.3": {
        "type": "package",
        "compile": {
          "lib/Net40/_._": {}
        },
        "runtime": {
          "lib/Net40/ICSharpCode.AvalonEdit.dll": {}
        }
      },
      "BouncyCastle/1.8.5": {
        "type": "package",
        "compile": {
          "lib/_._": {}
        },
        "runtime": {
          "lib/BouncyCastle.Crypto.dll": {}
        }
      },
      "ClosedXML/0.94.2": {
        "type": "package",
        "dependencies": {
          "DocumentFormat.OpenXml": "2.7.2",
          "ExcelNumberFormat": "1.0.3",
          "FastMember": "1.3.0"
        },
        "frameworkAssemblies": [
          "WindowsBase"
        ],
        "compile": {
          "lib/net46/_._": {}
        },
        "runtime": {
          "lib/net46/ClosedXML.dll": {}
        }
      },
      "CredentialManagement/1.0.2": {
        "type": "package",
        "frameworkAssemblies": [
          "CredentialManagement"
        ],
        "compile": {
          "lib/net35/_._": {}
        },
        "runtime": {
          "lib/net35/CredentialManagement.dll": {}
        }
      },
      "CsvHelper/2.13.5": {
        "type": "package",
        "compile": {
          "lib/net40-client/_._": {}
        },
        "runtime": {
          "lib/net40-client/CsvHelper.dll": {}
        }
      },
      "DocumentFormat.OpenXml/2.7.2": {
        "type": "package",
        "dependencies": {
          "System.IO.Packaging": "4.0.0"
        },
        "compile": {
          "lib/net46/_._": {}
        },
        "runtime": {
          "lib/net46/DocumentFormat.OpenXml.dll": {}
        }
      },
      "DocX/1.0.0.18": {
        "type": "package",
        "compile": {
          "lib/net40/_._": {}
        },
        "runtime": {
          "lib/net40/DocX.dll": {}
        }
      },
      "ExcelNumberFormat/1.0.3": {
        "type": "package",
        "compile": {
          "lib/net20/_._": {}
        },
        "runtime": {
          "lib/net20/ExcelNumberFormat.dll": {}
        }
      },
      "Extended.Wpf.Toolkit/2.8.0": {
        "type": "package",
        "frameworkAssemblies": [
          "PresentationCore",
          "PresentationFramework",
          "System",
          "System.Xaml",
          "WindowsBase"
        ],
        "compile": {
          "lib/net40/_._": {}
        },
        "runtime": {
          "lib/net40/Xceed.Wpf.AvalonDock.Themes.Aero.dll": {},
          "lib/net40/Xceed.Wpf.AvalonDock.Themes.Metro.dll": {},
          "lib/net40/Xceed.Wpf.AvalonDock.Themes.VS2010.dll": {},
          "lib/net40/Xceed.Wpf.AvalonDock.dll": {},
          "lib/net40/Xceed.Wpf.DataGrid.dll": {},
          "lib/net40/Xceed.Wpf.Toolkit.dll": {}
        },
        "resource": {
          "lib/net40/de/Xceed.Wpf.AvalonDock.resources.dll": {
            "locale": "de"
          },
          "lib/net40/es/Xceed.Wpf.AvalonDock.resources.dll": {
            "locale": "es"
          },
          "lib/net40/fr/Xceed.Wpf.AvalonDock.resources.dll": {
            "locale": "fr"
          },
          "lib/net40/hu/Xceed.Wpf.AvalonDock.resources.dll": {
            "locale": "hu"
          },
          "lib/net40/it/Xceed.Wpf.AvalonDock.resources.dll": {
            "locale": "it"
          },
          "lib/net40/pt-BR/Xceed.Wpf.AvalonDock.resources.dll": {
            "locale": "pt-BR"
          },
          "lib/net40/ro/Xceed.Wpf.AvalonDock.resources.dll": {
            "locale": "ro"
          },
          "lib/net40/ru/Xceed.Wpf.AvalonDock.resources.dll": {
            "locale": "ru"
          },
          "lib/net40/sv/Xceed.Wpf.AvalonDock.resources.dll": {
            "locale": "sv"
          },
          "lib/net40/zh-Hans/Xceed.Wpf.AvalonDock.resources.dll": {
            "locale": "zh-Hans"
          }
        }
      },
      "FastMember/1.3.0": {
        "type": "package",
        "frameworkAssemblies": [
          "Microsoft.CSharp",
          "System",
          "System.Data"
        ],
        "compile": {
          "lib/net45/_._": {}
        },
        "runtime": {
          "lib/net45/FastMember.dll": {}
        }
      },
      "Humanizer.Core/2.4.2": {
        "type": "package",
        "compile": {
          "lib/netstandard2.0/_._": {}
        },
        "runtime": {
          "lib/netstandard2.0/Humanizer.dll": {}
        }
      },
      "interop.domino.dll/1.0.0": {
        "type": "package",
        "compile": {
          "lib/_._": {}
        },
        "runtime": {
          "lib/Interop.Domino.dll": {}
        }
      },
      "Microsoft.AspNet.SignalR.Client/2.4.0": {
        "type": "package",
        "dependencies": {
          "Newtonsoft.Json": "6.0.4"
        },
        "frameworkAssemblies": [
          "System.Net.Http",
          "System.Net.Http.WebRequest"
        ],
        "compile": {
          "lib/net45/_._": {}
        },
        "runtime": {
          "lib/net45/Microsoft.AspNet.SignalR.Client.dll": {}
        }
      },
      "Microsoft.Exchange.WebServices/2.2.0": {
        "type": "package",
        "compile": {
          "lib/40/_._": {}
        },
        "runtime": {
          "lib/40/Microsoft.Exchange.WebServices.Auth.dll": {},
          "lib/40/Microsoft.Exchange.WebServices.dll": {}
        }
      },
      "Microsoft.Extensions.FileSystemGlobbing/2.2.0": {
        "type": "package",
        "compile": {
          "lib/netstandard2.0/_._": {}
        },
        "runtime": {
          "lib/netstandard2.0/Microsoft.Extensions.FileSystemGlobbing.dll": {}
        }
      },
      "Microsoft.Graph/1.12.0": {
        "type": "package",
        "dependencies": {
          "Microsoft.Graph.Core": "1.12.0",
          "Newtonsoft.Json": "[6.0.1, 12.0.0)"
        },
        "frameworkAssemblies": [
          "Microsoft.CSharp",
          "System",
          "System.Net.Http"
        ],
        "compile": {
          "lib/net45/_._": {}
        },
        "runtime": {
          "lib/net45/Microsoft.Graph.dll": {}
        }
      },
      "Microsoft.Graph.Core/1.12.0": {
        "type": "package",
        "dependencies": {
          "Newtonsoft.Json": "[6.0.1, 12.0.0)"
        },
        "frameworkAssemblies": [
          "Microsoft.CSharp",
          "System",
          "System.Net.Http"
        ],
        "compile": {
          "lib/net45/_._": {}
        },
        "runtime": {
          "lib/net45/Microsoft.Graph.Core.dll": {}
        }
      },
      "Microsoft.Identity.Client/2.7.1": {
        "type": "package",
        "frameworkAssemblies": [
          "Microsoft.CSharp",
          "System",
          "System.Core",
          "System.Data",
          "System.Data.DataSetExtensions",
          "System.Drawing",
          "System.IdentityModel",
          "System.Net.Http",
          "System.Windows.Forms",
          "System.Xml",
          "System.Xml.Linq"
        ],
        "compile": {
          "ref/net45/_._": {}
        },
        "runtime": {
          "lib/net45/Microsoft.Identity.Client.dll": {}
        }
      },
      "Microsoft.Rest.ClientRuntime/2.3.20": {
        "type": "package",
        "dependencies": {
          "Newtonsoft.Json": "10.0.3"
        },
        "frameworkAssemblies": [
          "System.Net",
          "System.Net.Http",
          "System.Net.Http.WebRequest",
          "System.Runtime",
          "System.Runtime.Serialization"
        ],
        "compile": {
          "lib/net461/_._": {}
        },
        "runtime": {
          "lib/net461/Microsoft.Rest.ClientRuntime.dll": {}
        }
      },
      "Microsoft.VisualStudio.OLE.Interop/7.10.6071": {
        "type": "package",
        "compile": {
          "lib/_._": {}
        },
        "runtime": {
          "lib/Microsoft.VisualStudio.OLE.Interop.dll": {}
        }
      },
      "MimeKit/2.1.3": {
        "type": "package",
        "dependencies": {
          "BouncyCastle": "1.8.2"
        },
        "frameworkAssemblies": [
          "System",
          "System.Core",
          "System.Data",
          "System.Net.Http",
          "System.Security"
        ],
        "compile": {
          "lib/net45/_._": {}
        },
        "runtime": {
          "lib/net45/MimeKit.dll": {}
        }
      },
      "Newtonsoft.Json/11.0.2": {
        "type": "package",
        "compile": {
          "lib/net45/_._": {}
        },
        "runtime": {
          "lib/net45/Newtonsoft.Json.dll": {}
        }
      },
      "NPOI/2.4.1": {
        "type": "package",
        "dependencies": {
          "SharpZipLib": "1.0.0"
        },
        "compile": {
          "lib/net45/_._": {}
        },
        "runtime": {
          "lib/net45/NPOI.OOXML.dll": {},
          "lib/net45/NPOI.OpenXml4Net.dll": {},
          "lib/net45/NPOI.OpenXmlFormats.dll": {},
          "lib/net45/NPOI.dll": {}
        }
      },
      "SharpZipLib/1.0.0": {
        "type": "package",
        "compile": {
          "lib/net45/_._": {}
        },
        "runtime": {
          "lib/net45/ICSharpCode.SharpZipLib.dll": {}
        }
      },
      "System.IO.FileSystem.Primitives/4.0.1": {
        "type": "package",
        "frameworkAssemblies": [
          "mscorlib"
        ],
        "compile": {
          "ref/net46/_._": {}
        },
        "runtime": {
          "lib/net46/System.IO.FileSystem.Primitives.dll": {}
        }
      },
      "System.IO.Packaging/4.0.0": {
        "type": "package",
        "dependencies": {
          "System.IO.FileSystem.Primitives": "4.0.1"
        },
        "frameworkAssemblies": [
          "WindowsBase",
          "mscorlib"
        ],
        "compile": {
          "ref/net46/_._": {}
        },
        "runtime": {
          "lib/net46/System.IO.Packaging.dll": {}
        }
      },
      "System.Runtime.CompilerServices.Unsafe/4.5.1": {
        "type": "package",
        "compile": {
          "ref/netstandard2.0/_._": {}
        },
        "runtime": {
          "lib/netstandard2.0/System.Runtime.CompilerServices.Unsafe.dll": {}
        }
      },
      "System.ValueTuple/4.5.0": {
        "type": "package",
        "frameworkAssemblies": [
          "System",
          "mscorlib"
        ],
        "compile": {
          "ref/net461/_._": {}
        },
        "runtime": {
          "lib/net461/System.ValueTuple.dll": {}
        }
      },
      "UiPath/19.7.7128.27029": {
        "type": "package",
        "compile": {
          "lib/_._": {}
        },
        "runtime": {
          "lib/UiPath.Interop.dll": {}
        },
        "build": {
          "build/_._": {}
        }
      },
      "UiPath.Credentials.Activities/1.1.6479.13204": {
        "type": "package",
        "dependencies": {
          "CredentialManagement": "1.0.2"
        },
        "compile": {
          "lib/net40-client/_._": {}
        },
        "runtime": {
          "lib/net40-client/UiPath.Credentials.Activities.dll": {}
        }
      },
      "UiPath.Database.Activities/1.2.6863.32528": {
        "type": "package",
        "compile": {
          "lib/net40-Client/_._": {}
        },
        "runtime": {
          "lib/net40-Client/Microsoft.Data.ConnectionUI.Dialog.dll": {},
          "lib/net40-Client/UiPath.Database.Activities.Design.dll": {},
          "lib/net40-Client/UiPath.Database.Activities.dll": {},
          "lib/net40-Client/UiPath.Database.dll": {}
        },
        "resource": {
          "lib/net40-Client/de/UiPath.Database.Activities.Design.resources.dll": {
            "locale": "de"
          },
          "lib/net40-Client/de/UiPath.Database.Activities.resources.dll": {
            "locale": "de"
          },
          "lib/net40-Client/de/UiPath.Database.resources.dll": {
            "locale": "de"
          },
          "lib/net40-Client/fr/UiPath.Database.Activities.Design.resources.dll": {
            "locale": "fr"
          },
          "lib/net40-Client/fr/UiPath.Database.Activities.resources.dll": {
            "locale": "fr"
          },
          "lib/net40-Client/fr/UiPath.Database.resources.dll": {
            "locale": "fr"
          },
          "lib/net40-Client/ja/UiPath.Database.Activities.Design.resources.dll": {
            "locale": "ja"
          },
          "lib/net40-Client/ja/UiPath.Database.Activities.resources.dll": {
            "locale": "ja"
          },
          "lib/net40-Client/ja/UiPath.Database.resources.dll": {
            "locale": "ja"
          }
        }
      },
      "UiPath.Excel.Activities/2.6.3": {
        "type": "package",
        "dependencies": {
          "ClosedXML": "0.87.1",
          "CsvHelper": "2.13.5",
          "DocumentFormat.OpenXml": "2.5.0",
          "Microsoft.VisualStudio.OLE.Interop": "7.10.6071",
          "NPOI": "2.4.1",
          "SharpZipLib": "1.0.0"
        },
        "compile": {
          "lib/net461/_._": {}
        },
        "runtime": {
          "lib/net461/UiPath.Excel.Activities.Design.dll": {},
          "lib/net461/UiPath.Excel.Activities.dll": {},
          "lib/net461/UiPath.Excel.dll": {}
        },
        "resource": {
          "lib/net461/de/UiPath.Excel.Activities.Design.resources.dll": {
            "locale": "de"
          },
          "lib/net461/de/UiPath.Excel.Activities.resources.dll": {
            "locale": "de"
          },
          "lib/net461/de/UiPath.Excel.resources.dll": {
            "locale": "de"
          },
          "lib/net461/fr/UiPath.Excel.Activities.Design.resources.dll": {
            "locale": "fr"
          },
          "lib/net461/fr/UiPath.Excel.Activities.resources.dll": {
            "locale": "fr"
          },
          "lib/net461/fr/UiPath.Excel.resources.dll": {
            "locale": "fr"
          },
          "lib/net461/ja/UiPath.Excel.Activities.Design.resources.dll": {
            "locale": "ja"
          },
          "lib/net461/ja/UiPath.Excel.Activities.resources.dll": {
            "locale": "ja"
          },
          "lib/net461/ja/UiPath.Excel.resources.dll": {
            "locale": "ja"
          },
          "lib/net461/ko/UiPath.Excel.Activities.Design.resources.dll": {
            "locale": "ko"
          },
          "lib/net461/ko/UiPath.Excel.Activities.resources.dll": {
            "locale": "ko"
          },
          "lib/net461/ko/UiPath.Excel.resources.dll": {
            "locale": "ko"
          },
          "lib/net461/pt-BR/UiPath.Excel.Activities.Design.resources.dll": {
            "locale": "pt-BR"
          },
          "lib/net461/pt-BR/UiPath.Excel.Activities.resources.dll": {
            "locale": "pt-BR"
          },
          "lib/net461/pt-BR/UiPath.Excel.resources.dll": {
            "locale": "pt-BR"
          },
          "lib/net461/ru/UiPath.Excel.Activities.Design.resources.dll": {
            "locale": "ru"
          },
          "lib/net461/ru/UiPath.Excel.Activities.resources.dll": {
            "locale": "ru"
          },
          "lib/net461/ru/UiPath.Excel.resources.dll": {
            "locale": "ru"
          },
          "lib/net461/zh-CN/UiPath.Excel.Activities.Design.resources.dll": {
            "locale": "zh-CN"
          },
          "lib/net461/zh-CN/UiPath.Excel.Activities.resources.dll": {
            "locale": "zh-CN"
          },
          "lib/net461/zh-CN/UiPath.Excel.resources.dll": {
            "locale": "zh-CN"
          }
        }
      },
      "UiPath.Mail.Activities/1.6.0": {
        "type": "package",
        "dependencies": {
          "BouncyCastle": "1.8.5",
          "Microsoft.Exchange.WebServices": "2.2.0",
          "Microsoft.Extensions.FileSystemGlobbing": "2.2.0",
          "System.ValueTuple": "4.5.0",
          "interop.domino.dll": "1.0.0"
        },
        "compile": {
          "lib/net461/_._": {}
        },
        "runtime": {
          "lib/net461/MailKit.dll": {},
          "lib/net461/MimeKit.dll": {},
          "lib/net461/UiPath.Mail.Activities.Design.dll": {},
          "lib/net461/UiPath.Mail.Activities.dll": {},
          "lib/net461/UiPath.Mail.dll": {}
        },
        "resource": {
          "lib/net461/de/UiPath.Mail.Activities.Design.resources.dll": {
            "locale": "de"
          },
          "lib/net461/de/UiPath.Mail.Activities.resources.dll": {
            "locale": "de"
          },
          "lib/net461/de/UiPath.Mail.resources.dll": {
            "locale": "de"
          },
          "lib/net461/fr/UiPath.Mail.Activities.Design.resources.dll": {
            "locale": "fr"
          },
          "lib/net461/fr/UiPath.Mail.Activities.resources.dll": {
            "locale": "fr"
          },
          "lib/net461/fr/UiPath.Mail.resources.dll": {
            "locale": "fr"
          },
          "lib/net461/ja/UiPath.Mail.Activities.Design.resources.dll": {
            "locale": "ja"
          },
          "lib/net461/ja/UiPath.Mail.Activities.resources.dll": {
            "locale": "ja"
          },
          "lib/net461/ja/UiPath.Mail.resources.dll": {
            "locale": "ja"
          },
          "lib/net461/ko/UiPath.Mail.Activities.Design.resources.dll": {
            "locale": "ko"
          },
          "lib/net461/ko/UiPath.Mail.Activities.resources.dll": {
            "locale": "ko"
          },
          "lib/net461/ko/UiPath.Mail.resources.dll": {
            "locale": "ko"
          },
          "lib/net461/pt-BR/UiPath.Mail.Activities.Design.resources.dll": {
            "locale": "pt-BR"
          },
          "lib/net461/pt-BR/UiPath.Mail.Activities.resources.dll": {
            "locale": "pt-BR"
          },
          "lib/net461/pt-BR/UiPath.Mail.resources.dll": {
            "locale": "pt-BR"
          },
          "lib/net461/ru/UiPath.Mail.Activities.Design.resources.dll": {
            "locale": "ru"
          },
          "lib/net461/ru/UiPath.Mail.Activities.resources.dll": {
            "locale": "ru"
          },
          "lib/net461/ru/UiPath.Mail.resources.dll": {
            "locale": "ru"
          },
          "lib/net461/zh-CN/UiPath.Mail.Activities.Design.resources.dll": {
            "locale": "zh-CN"
          },
          "lib/net461/zh-CN/UiPath.Mail.Activities.resources.dll": {
            "locale": "zh-CN"
          },
          "lib/net461/zh-CN/UiPath.Mail.resources.dll": {
            "locale": "zh-CN"
          }
        }
      },
      "UiPath.MicrosoftOffice365.Activities/1.0.1": {
        "type": "package",
        "dependencies": {
          "ClosedXML": "0.94.2",
          "Microsoft.Graph": "1.12.0",
          "Microsoft.Identity.Client": "2.7.1",
          "MimeKit": "2.1.3",
          "Newtonsoft.Json": "10.0.3",
          "System.Runtime.CompilerServices.Unsafe": "4.5.1"
        },
        "compile": {
          "lib/net461/_._": {}
        },
        "runtime": {
          "lib/net461/UiPath.MicrosoftOffice365.Activities.Design.dll": {},
          "lib/net461/UiPath.MicrosoftOffice365.Activities.dll": {},
          "lib/net461/UiPath.MicrosoftOffice365.dll": {}
        },
        "resource": {
          "lib/net461/fr/UiPath.MicrosoftOffice365.Activities.Design.resources.dll": {
            "locale": "fr"
          },
          "lib/net461/fr/UiPath.MicrosoftOffice365.Activities.resources.dll": {
            "locale": "fr"
          },
          "lib/net461/fr/UiPath.MicrosoftOffice365.resources.dll": {
            "locale": "fr"
          },
          "lib/net461/ja/UiPath.MicrosoftOffice365.Activities.Design.resources.dll": {
            "locale": "ja"
          },
          "lib/net461/ja/UiPath.MicrosoftOffice365.Activities.resources.dll": {
            "locale": "ja"
          },
          "lib/net461/ja/UiPath.MicrosoftOffice365.resources.dll": {
            "locale": "ja"
          },
          "lib/net461/ru/UiPath.MicrosoftOffice365.Activities.Design.resources.dll": {
            "locale": "ru"
          },
          "lib/net461/ru/UiPath.MicrosoftOffice365.Activities.resources.dll": {
            "locale": "ru"
          },
          "lib/net461/ru/UiPath.MicrosoftOffice365.resources.dll": {
            "locale": "ru"
          },
          "lib/net461/zh-CN/UiPath.MicrosoftOffice365.Activities.Design.resources.dll": {
            "locale": "zh-CN"
          },
          "lib/net461/zh-CN/UiPath.MicrosoftOffice365.Activities.resources.dll": {
            "locale": "zh-CN"
          },
          "lib/net461/zh-CN/UiPath.MicrosoftOffice365.resources.dll": {
            "locale": "zh-CN"
          }
        }
      },
      "UiPath.OCR.Contracts/2.0.0": {
        "type": "package",
        "compile": {
          "lib/net45/_._": {}
        },
        "runtime": {
          "lib/net45/UiPath.OCR.Contracts.dll": {}
        }
      },
      "UiPath.System.Activities/20.4.0": {
        "type": "package",
        "dependencies": {
          "CsvHelper": "2.13.5",
          "Microsoft.AspNet.SignalR.Client": "2.4.0",
          "Microsoft.Rest.ClientRuntime": "2.3.20",
          "Newtonsoft.Json": "11.0.2"
        },
        "compile": {
          "lib/net461/_._": {}
        },
        "runtime": {
          "lib/net461/ActiproSoftware.Docking.Wpf.dll": {},
          "lib/net461/ActiproSoftware.Ribbon.Wpf.dll": {},
          "lib/net461/ActiproSoftware.Shared.Wpf.dll": {},
          "lib/net461/ActiproSoftware.SyntaxEditor.Addons.DotNet.Wpf.dll": {},
          "lib/net461/ActiproSoftware.SyntaxEditor.Wpf.dll": {},
          "lib/net461/ActiproSoftware.Text.Addons.DotNet.Wpf.dll": {},
          "lib/net461/ActiproSoftware.Text.LLParser.Wpf.dll": {},
          "lib/net461/ActiproSoftware.Text.Wpf.dll": {},
          "lib/net461/ActiproSoftware.Wizard.Wpf.dll": {},
          "lib/net461/CustomInputForm.exe": {},
          "lib/net461/UiPath.OrchestratorClient.dll": {},
          "lib/net461/UiPath.System.Activities.Design.dll": {},
          "lib/net461/UiPath.System.Activities.dll": {}
        },
        "resource": {
          "lib/net461/de/UiPath.System.Activities.Design.resources.dll": {
            "locale": "de"
          },
          "lib/net461/de/UiPath.System.Activities.resources.dll": {
            "locale": "de"
          },
          "lib/net461/es-MX/UiPath.System.Activities.Design.resources.dll": {
            "locale": "es-MX"
          },
          "lib/net461/es-MX/UiPath.System.Activities.resources.dll": {
            "locale": "es-MX"
          },
          "lib/net461/es/UiPath.System.Activities.Design.resources.dll": {
            "locale": "es"
          },
          "lib/net461/es/UiPath.System.Activities.resources.dll": {
            "locale": "es"
          },
          "lib/net461/fr/UiPath.System.Activities.Design.resources.dll": {
            "locale": "fr"
          },
          "lib/net461/fr/UiPath.System.Activities.resources.dll": {
            "locale": "fr"
          },
          "lib/net461/ja/UiPath.System.Activities.Design.resources.dll": {
            "locale": "ja"
          },
          "lib/net461/ja/UiPath.System.Activities.resources.dll": {
            "locale": "ja"
          },
          "lib/net461/ko/UiPath.System.Activities.Design.resources.dll": {
            "locale": "ko"
          },
          "lib/net461/ko/UiPath.System.Activities.resources.dll": {
            "locale": "ko"
          },
          "lib/net461/pt-BR/UiPath.System.Activities.Design.resources.dll": {
            "locale": "pt-BR"
          },
          "lib/net461/pt-BR/UiPath.System.Activities.resources.dll": {
            "locale": "pt-BR"
          },
          "lib/net461/pt/UiPath.System.Activities.Design.resources.dll": {
            "locale": "pt"
          },
          "lib/net461/pt/UiPath.System.Activities.resources.dll": {
            "locale": "pt"
          },
          "lib/net461/ru/UiPath.System.Activities.Design.resources.dll": {
            "locale": "ru"
          },
          "lib/net461/ru/UiPath.System.Activities.resources.dll": {
            "locale": "ru"
          },
          "lib/net461/tr/UiPath.System.Activities.Design.resources.dll": {
            "locale": "tr"
          },
          "lib/net461/tr/UiPath.System.Activities.resources.dll": {
            "locale": "tr"
          },
          "lib/net461/zh-CN/UiPath.System.Activities.Design.resources.dll": {
            "locale": "zh-CN"
          },
          "lib/net461/zh-CN/UiPath.System.Activities.resources.dll": {
            "locale": "zh-CN"
          }
        }
      },
      "UiPath.UIAutomation.Activities/19.7.0": {
        "type": "package",
        "dependencies": {
          "AvalonEdit": "5.0.3",
          "Extended.Wpf.Toolkit": "2.8.0",
          "Humanizer.Core": "2.4.2",
          "UiPath": "19.7.7128.27029",
          "UiPath.OCR.Contracts": "2.0.0",
          "UiPath.Vision": "1.6.1"
        },
        "compile": {
          "lib/net461/_._": {}
        },
        "runtime": {
          "lib/net461/ActiproSoftware.DataGrid.Contrib.Wpf.dll": {},
          "lib/net461/ActiproSoftware.Docking.Wpf.dll": {},
          "lib/net461/ActiproSoftware.Editors.Wpf.dll": {},
          "lib/net461/ActiproSoftware.Ribbon.Wpf.dll": {},
          "lib/net461/ActiproSoftware.Shared.Wpf.dll": {},
          "lib/net461/ActiproSoftware.SyntaxEditor.Addons.DotNet.Wpf.dll": {},
          "lib/net461/ActiproSoftware.SyntaxEditor.Wpf.dll": {},
          "lib/net461/ActiproSoftware.Text.Addons.DotNet.Wpf.dll": {},
          "lib/net461/ActiproSoftware.Text.LLParser.Wpf.dll": {},
          "lib/net461/ActiproSoftware.Text.Wpf.dll": {},
          "lib/net461/ActiproSoftware.Wizard.Wpf.dll": {},
          "lib/net461/UiPath.UIAutomation.Activities.Design.dll": {},
          "lib/net461/UiPath.UiAutomation.Activities.dll": {},
          "lib/net461/UiPath.Wizards.dll": {}
        },
        "resource": {
          "lib/net461/fr/UiPath.UIAutomation.Activities.Design.resources.dll": {
            "locale": "fr"
          },
          "lib/net461/fr/UiPath.UiAutomation.Activities.resources.dll": {
            "locale": "fr"
          },
          "lib/net461/fr/UiPath.Wizards.resources.dll": {
            "locale": "fr"
          },
          "lib/net461/ja/UiPath.UIAutomation.Activities.Design.resources.dll": {
            "locale": "ja"
          },
          "lib/net461/ja/UiPath.UiAutomation.Activities.resources.dll": {
            "locale": "ja"
          },
          "lib/net461/ja/UiPath.Wizards.resources.dll": {
            "locale": "ja"
          },
          "lib/net461/ru/UiPath.UIAutomation.Activities.Design.resources.dll": {
            "locale": "ru"
          },
          "lib/net461/ru/UiPath.UiAutomation.Activities.resources.dll": {
            "locale": "ru"
          },
          "lib/net461/ru/UiPath.Wizards.resources.dll": {
            "locale": "ru"
          },
          "lib/net461/zh-CN/UiPath.UIAutomation.Activities.Design.resources.dll": {
            "locale": "zh-CN"
          },
          "lib/net461/zh-CN/UiPath.UiAutomation.Activities.resources.dll": {
            "locale": "zh-CN"
          },
          "lib/net461/zh-CN/UiPath.Wizards.resources.dll": {
            "locale": "zh-CN"
          }
        }
      },
      "UiPath.Vision/1.6.1": {
        "type": "package",
        "compile": {
          "lib/net452/_._": {}
        },
        "runtime": {
          "lib/net452/UiPath.Vision.Core.dll": {},
          "lib/net452/UiPath.Vision.dll": {}
        }
      },
      "UiPath.Word.Activities/1.3.3": {
        "type": "package",
        "dependencies": {
          "DocX": "1.0.0.18"
        },
        "compile": {
          "lib/net452/_._": {}
        },
        "runtime": {
          "lib/net452/UiPath.Word.Activities.Design.dll": {},
          "lib/net452/UiPath.Word.Activities.dll": {},
          "lib/net452/UiPath.Word.dll": {}
        },
        "resource": {
          "lib/net452/de/UiPath.Word.Activities.Design.resources.dll": {
            "locale": "de"
          },
          "lib/net452/de/UiPath.Word.Activities.resources.dll": {
            "locale": "de"
          },
          "lib/net452/de/UiPath.Word.resources.dll": {
            "locale": "de"
          },
          "lib/net452/fr/UiPath.Word.Activities.Design.resources.dll": {
            "locale": "fr"
          },
          "lib/net452/fr/UiPath.Word.Activities.resources.dll": {
            "locale": "fr"
          },
          "lib/net452/fr/UiPath.Word.resources.dll": {
            "locale": "fr"
          },
          "lib/net452/ja/UiPath.Word.Activities.Design.resources.dll": {
            "locale": "ja"
          },
          "lib/net452/ja/UiPath.Word.Activities.resources.dll": {
            "locale": "ja"
          },
          "lib/net452/ja/UiPath.Word.resources.dll": {
            "locale": "ja"
          },
          "lib/net452/ko/UiPath.Word.Activities.Design.resources.dll": {
            "locale": "ko"
          },
          "lib/net452/ko/UiPath.Word.Activities.resources.dll": {
            "locale": "ko"
          },
          "lib/net452/ko/UiPath.Word.resources.dll": {
            "locale": "ko"
          },
          "lib/net452/pt-BR/UiPath.Word.Activities.Design.resources.dll": {
            "locale": "pt-BR"
          },
          "lib/net452/pt-BR/UiPath.Word.Activities.resources.dll": {
            "locale": "pt-BR"
          },
          "lib/net452/pt-BR/UiPath.Word.resources.dll": {
            "locale": "pt-BR"
          },
          "lib/net452/ru/UiPath.Word.Activities.Design.resources.dll": {
            "locale": "ru"
          },
          "lib/net452/ru/UiPath.Word.Activities.resources.dll": {
            "locale": "ru"
          },
          "lib/net452/ru/UiPath.Word.resources.dll": {
            "locale": "ru"
          },
          "lib/net452/zh-CN/UiPath.Word.Activities.Design.resources.dll": {
            "locale": "zh-CN"
          },
          "lib/net452/zh-CN/UiPath.Word.Activities.resources.dll": {
            "locale": "zh-CN"
          },
          "lib/net452/zh-CN/UiPath.Word.resources.dll": {
            "locale": "zh-CN"
          }
        }
      },
      "UiPathTeam.Excel.Extensions.Activities/1.0.7107.42453": {
        "type": "package",
        "compile": {
          "lib/net451/_._": {}
        },
        "runtime": {
          "lib/net451/Excel.Activites.Design.dll": {},
          "lib/net451/Excel.Activities.dll": {}
        }
      },
      "UiPathTeam.File.Activities/1.0.4": {
        "type": "package",
        "compile": {
          "lib/net452/_._": {}
        },
        "runtime": {
          "lib/net452/UiPathTeam.File.Activities.Design.dll": {},
          "lib/net452/UiPathTeam.File.Activities.dll": {}
        }
      }
    }
  },
  "libraries": {
    "AvalonEdit/5.0.3": {
      "sha512": "L5CgXRniZRxI/tjoBztVgZnvTL1F/qKrRJa+Q88I0Gl78WRNaqdMkuOlkAsOHTauBGZSQNDO0/X+xIpzfzmLdQ==",
      "type": "package",
      "path": "avalonedit/5.0.3",
      "files": [
        "avalonedit.5.0.3.nupkg.sha512",
        "avalonedit.nuspec",
        "lib/Net35/ICSharpCode.AvalonEdit.dll",
        "lib/Net35/ICSharpCode.AvalonEdit.xml",
        "lib/Net40/ICSharpCode.AvalonEdit.dll",
        "lib/Net40/ICSharpCode.AvalonEdit.xml"
      ]
    },
    "BouncyCastle/1.8.5": {
      "sha512": "SvTtEA1DksJBu5Ucps4BSUrTseISTvIRcIvCUwicv+eTqkFHTq1hlcdWeYcwJsnmRvfQhODEUVsqLlYi4Umw2g==",
      "type": "package",
      "path": "bouncycastle/1.8.5",
      "files": [
        ".signature.p7s",
        "README.md",
        "bouncycastle.1.8.5.nupkg.sha512",
        "bouncycastle.nuspec",
        "lib/BouncyCastle.Crypto.dll"
      ]
    },
    "ClosedXML/0.94.2": {
      "sha512": "kA6zJmFfi5uUn6RIwcOFY1zwGMH+Yw76DyGR8V+pVxfeoExi+4gyi+TT1NvQIo7BGWl68yZ3kzBwI6fHbXICTw==",
      "type": "package",
      "path": "closedxml/0.94.2",
      "files": [
        ".signature.p7s",
        "closedxml.0.94.2.nupkg.sha512",
        "closedxml.nuspec",
        "lib/net40/ClosedXML.dll",
        "lib/net40/ClosedXML.pdb",
        "lib/net40/ClosedXML.xml",
        "lib/net46/ClosedXML.dll",
        "lib/net46/ClosedXML.pdb",
        "lib/net46/ClosedXML.xml",
        "lib/netstandard2.0/ClosedXML.dll",
        "lib/netstandard2.0/ClosedXML.pdb",
        "lib/netstandard2.0/ClosedXML.xml"
      ]
    },
    "CredentialManagement/1.0.2": {
      "sha512": "VkP04/jFXaxT3TkcRhzETYtOrznQxRmQ2J1XJdbXz47Bir7hIzPR7mFZk4GJQ4An4gozW+vonpf+iqTHomAkQw==",
      "type": "package",
      "path": "credentialmanagement/1.0.2",
      "files": [
        "credentialmanagement.1.0.2.nupkg.sha512",
        "credentialmanagement.nuspec",
        "lib/net35/CredentialManagement.dll"
      ]
    },
    "CsvHelper/2.13.5": {
      "sha512": "fC8DPi/YTcZ8uXFiAeuT9EpsR2TE5cSJ2jg/4tht/Oen6az/djebpYoCQEtI33RfNrSZ533SedOknlWtUTX3fw==",
      "type": "package",
      "path": "csvhelper/2.13.5",
      "files": [
        "csvhelper.2.13.5.nupkg.sha512",
        "csvhelper.nuspec",
        "lib/net20/CsvHelper.dll",
        "lib/net20/CsvHelper.pdb",
        "lib/net20/CsvHelper.xml",
        "lib/net35-client/CsvHelper.dll",
        "lib/net35-client/CsvHelper.pdb",
        "lib/net35-client/CsvHelper.xml",
        "lib/net40-client/CsvHelper.dll",
        "lib/net40-client/CsvHelper.pdb",
        "lib/net40-client/CsvHelper.xml",
        "lib/portable-net40+sl5+win8+wpa+wp8/CsvHelper.dll",
        "lib/portable-net40+sl5+win8+wpa+wp8/CsvHelper.pdb",
        "lib/portable-net40+sl5+win8+wpa+wp8/CsvHelper.xml"
      ]
    },
    "DocumentFormat.OpenXml/2.7.2": {
      "sha512": "u9usZhU+cn/WG32UR1FbmKemC/O8hDssXWr1oFhAUR3WZTMl35mLRVVfaKH/3CNoxV8um8uGrK+7rpwxJUtCiA==",
      "type": "package",
      "path": "documentformat.openxml/2.7.2",
      "files": [
        ".signature.p7s",
        "documentformat.openxml.2.7.2.nupkg.sha512",
        "documentformat.openxml.nuspec",
        "lib/net35/DocumentFormat.OpenXml.dll",
        "lib/net35/DocumentFormat.OpenXml.xml",
        "lib/net40/DocumentFormat.OpenXml.dll",
        "lib/net40/DocumentFormat.OpenXml.xml",
        "lib/net46/DocumentFormat.OpenXml.dll",
        "lib/net46/DocumentFormat.OpenXml.xml",
        "lib/netstandard1.3/DocumentFormat.OpenXml.dll",
        "lib/netstandard1.3/DocumentFormat.OpenXml.xml"
      ]
    },
    "DocX/1.0.0.18": {
      "sha512": "8E2yyGRmhitJ73wlO/dvMKcOktVY7fgGiFO3h/u3FvvcQBnUX+tDYtFekr82eF9g2sAQfEqc1nZAvjeinqHv4g==",
      "type": "package",
      "path": "docx/1.0.0.18",
      "files": [
        "docx.1.0.0.18.nupkg.sha512",
        "docx.nuspec",
        "lib/net40/DocX.dll"
      ]
    },
    "ExcelNumberFormat/1.0.3": {
      "sha512": "aaGuC0/GuMhUlTHnwVqljfCPC18gU1HNieqt0Zc1OEZqsP0O4WgwM7fuRpzaEjZuM4g/v4vVU7g98I1Mm8VOZw==",
      "type": "package",
      "path": "excelnumberformat/1.0.3",
      "files": [
        ".signature.p7s",
        "excelnumberformat.1.0.3.nupkg.sha512",
        "excelnumberformat.nuspec",
        "lib/net20/ExcelNumberFormat.dll",
        "lib/net20/ExcelNumberFormat.xml",
        "lib/netstandard1.0/ExcelNumberFormat.dll",
        "lib/netstandard1.0/ExcelNumberFormat.xml"
      ]
    },
    "Extended.Wpf.Toolkit/2.8.0": {
      "sha512": "YzLQ/sB91g0gRftvlPGOqYJe6TwiPTQoYhO+4ZSsnxaMEQZ5KZIQySTtsTWZ0HJC5+xrgk1Z/if7kjY4cSRPdw==",
      "type": "package",
      "path": "extended.wpf.toolkit/2.8.0",
      "files": [
        ".signature.p7s",
        "extended.wpf.toolkit.2.8.0.nupkg.sha512",
        "extended.wpf.toolkit.nuspec",
        "lib/net35/WPFToolkit.dll",
        "lib/net35/Xceed.Wpf.Toolkit.dll",
        "lib/net40/Xceed.Wpf.AvalonDock.Themes.Aero.dll",
        "lib/net40/Xceed.Wpf.AvalonDock.Themes.Metro.dll",
        "lib/net40/Xceed.Wpf.AvalonDock.Themes.VS2010.dll",
        "lib/net40/Xceed.Wpf.AvalonDock.dll",
        "lib/net40/Xceed.Wpf.DataGrid.dll",
        "lib/net40/Xceed.Wpf.Toolkit.dll",
        "lib/net40/de/Xceed.Wpf.AvalonDock.resources.dll",
        "lib/net40/es/Xceed.Wpf.AvalonDock.resources.dll",
        "lib/net40/fr/Xceed.Wpf.AvalonDock.resources.dll",
        "lib/net40/hu/Xceed.Wpf.AvalonDock.resources.dll",
        "lib/net40/it/Xceed.Wpf.AvalonDock.resources.dll",
        "lib/net40/pt-BR/Xceed.Wpf.AvalonDock.resources.dll",
        "lib/net40/ro/Xceed.Wpf.AvalonDock.resources.dll",
        "lib/net40/ru/Xceed.Wpf.AvalonDock.resources.dll",
        "lib/net40/sv/Xceed.Wpf.AvalonDock.resources.dll",
        "lib/net40/zh-Hans/Xceed.Wpf.AvalonDock.resources.dll",
        "tools/install.ps1"
      ]
    },
    "FastMember/1.3.0": {
      "sha512": "5LwFYgYC8dzXb0Ss2GvhHfL88BJeDB1XjWvnRKeWl/OGXoSAX/vlW+xvGzBeOifSHzFGhOyiyhJQSUUv8UzVWg==",
      "type": "package",
      "path": "fastmember/1.3.0",
      "files": [
        ".signature.p7s",
        "fastmember.1.3.0.nupkg.sha512",
        "fastmember.nuspec",
        "lib/net40/FastMember.dll",
        "lib/net45/FastMember.dll",
        "lib/netstandard1.5/FastMember.dll",
        "lib/netstandard2.0/FastMember.dll"
      ]
    },
    "Humanizer.Core/2.4.2": {
      "sha512": "A8amPZrfrFU+6BO+t/NLejofWah39XsRuovQqaHdYYtXANM+dexMrc+AbLmuH3qNV4hJv6FArBsBBtZcaODLZg==",
      "type": "package",
      "path": "humanizer.core/2.4.2",
      "files": [
        ".signature.p7s",
        "humanizer.core.2.4.2.nupkg.sha512",
        "humanizer.core.nuspec",
        "lib/netstandard1.0/Humanizer.dll",
        "lib/netstandard1.0/Humanizer.xml",
        "lib/netstandard2.0/Humanizer.dll",
        "lib/netstandard2.0/Humanizer.xml"
      ]
    },
    "interop.domino.dll/1.0.0": {
      "sha512": "gKTX8fwrysbgSWSrJUpMpdp/qmRwYT8JTnbpFzTN72WnX3M1vxkHzpxH3oGMSqpHf20n9AZ0TzDJkt2itp6hyQ==",
      "type": "package",
      "path": "interop.domino.dll/1.0.0",
      "files": [
        "interop.domino.dll.1.0.0.nupkg.sha512",
        "interop.domino.dll.nuspec",
        "lib/Interop.Domino.dll"
      ]
    },
    "Microsoft.AspNet.SignalR.Client/2.4.0": {
      "sha512": "kQN+HGGrZqSjpQUdVwlV4DJVsvx6wKo8J5hu/pcsdIaQ/LGEnCSQSRpq5BV7+iCq0MwEAHEZvrnivWDe0j9xfg==",
      "type": "package",
      "path": "microsoft.aspnet.signalr.client/2.4.0",
      "files": [
        ".signature.p7s",
        "lib/net40/Microsoft.AspNet.SignalR.Client.dll",
        "lib/net40/Microsoft.AspNet.SignalR.Client.pdb",
        "lib/net40/Microsoft.AspNet.SignalR.Client.xml",
        "lib/net45/Microsoft.AspNet.SignalR.Client.dll",
        "lib/net45/Microsoft.AspNet.SignalR.Client.pdb",
        "lib/net45/Microsoft.AspNet.SignalR.Client.xml",
        "lib/netstandard1.3/Microsoft.AspNet.SignalR.Client.dll",
        "lib/netstandard1.3/Microsoft.AspNet.SignalR.Client.pdb",
        "lib/netstandard1.3/Microsoft.AspNet.SignalR.Client.xml",
        "lib/netstandard2.0/Microsoft.AspNet.SignalR.Client.dll",
        "lib/netstandard2.0/Microsoft.AspNet.SignalR.Client.pdb",
        "lib/netstandard2.0/Microsoft.AspNet.SignalR.Client.xml",
        "microsoft.aspnet.signalr.client.2.4.0.nupkg.sha512",
        "microsoft.aspnet.signalr.client.nuspec"
      ]
    },
    "Microsoft.Exchange.WebServices/2.2.0": {
      "sha512": "NlkaTD0uWtg9VbiWq0VDWMBPzHFknH3tmstrxt0acrT09LBGqATTjRpsGOODz6tUdX7/dehBinxsf75U5Uw/+A==",
      "type": "package",
      "path": "microsoft.exchange.webservices/2.2.0",
      "files": [
        "doc/License Terms.rtf",
        "doc/README.htm",
        "doc/Redist.txt",
        "lib/40/Microsoft.Exchange.WebServices.Auth.dll",
        "lib/40/Microsoft.Exchange.WebServices.Auth.pdb",
        "lib/40/Microsoft.Exchange.WebServices.Auth.xml",
        "lib/40/Microsoft.Exchange.WebServices.dll",
        "lib/40/Microsoft.Exchange.WebServices.pdb",
        "lib/40/Microsoft.Exchange.WebServices.xml",
        "microsoft.exchange.webservices.2.2.0.nupkg.sha512",
        "microsoft.exchange.webservices.nuspec"
      ]
    },
    "Microsoft.Extensions.FileSystemGlobbing/2.2.0": {
      "sha512": "WGASE48sldx5PHrmxpmW0qFJ0M0mZXhF9IgdBDTSNmnys7Qfw7xTuHs/nmbA1Wo8Y8XFI7K2cJKf9Ql/nBK4Rw==",
      "type": "package",
      "path": "microsoft.extensions.filesystemglobbing/2.2.0",
      "files": [
        ".signature.p7s",
        "lib/netstandard2.0/Microsoft.Extensions.FileSystemGlobbing.dll",
        "lib/netstandard2.0/Microsoft.Extensions.FileSystemGlobbing.xml",
        "microsoft.extensions.filesystemglobbing.2.2.0.nupkg.sha512",
        "microsoft.extensions.filesystemglobbing.nuspec"
      ]
    },
    "Microsoft.Graph/1.12.0": {
      "sha512": "lGzIfhAwWfk6LOxkzlj3sh7IJUy4TYlfEd0iAtcn/WEmeLCwuVt7U0UYVXF4ZajeYHt6i1U4+tlvXDGtDAT2sw==",
      "type": "package",
      "path": "microsoft.graph/1.12.0",
      "files": [
        ".signature.p7s",
        "lib/net45/Microsoft.Graph.dll",
        "lib/net45/Microsoft.Graph.xml",
        "lib/netstandard1.1/Microsoft.Graph.dll",
        "lib/netstandard1.1/Microsoft.Graph.xml",
        "microsoft.graph.1.12.0.nupkg.sha512",
        "microsoft.graph.nuspec"
      ]
    },
    "Microsoft.Graph.Core/1.12.0": {
      "sha512": "AGMtZWX7Ad7+p3+692QCtlqu5b1wBTx6XEA+wAX9e7PpjSaKAhedGcPzJiQOw+9cr3B+WQCl9veD68kubs4JhA==",
      "type": "package",
      "path": "microsoft.graph.core/1.12.0",
      "files": [
        ".signature.p7s",
        "lib/net45/Microsoft.Graph.Core.dll",
        "lib/net45/Microsoft.Graph.Core.xml",
        "lib/netstandard1.1/Microsoft.Graph.Core.dll",
        "lib/netstandard1.1/Microsoft.Graph.Core.xml",
        "microsoft.graph.core.1.12.0.nupkg.sha512",
        "microsoft.graph.core.nuspec"
      ]
    },
    "Microsoft.Identity.Client/2.7.1": {
      "sha512": "4PqwTwUAgJjWi8A9lPNREgOkwVJJ64WYksLjtP2i0LUtpmgllTBhTwAlCfUGySPN1OVhcZhEmeqtL75hOMbiFw==",
      "type": "package",
      "path": "microsoft.identity.client/2.7.1",
      "files": [
        ".signature.p7s",
        "lib/monoandroid81/Microsoft.Identity.Client.dll",
        "lib/monoandroid81/Microsoft.Identity.Client.xml",
        "lib/net45/Microsoft.Identity.Client.dll",
        "lib/net45/Microsoft.Identity.Client.xml",
        "lib/netcoreapp1.0/Microsoft.Identity.Client.dll",
        "lib/netcoreapp1.0/Microsoft.Identity.Client.xml",
        "lib/netstandard1.3/Microsoft.Identity.Client.dll",
        "lib/netstandard1.3/Microsoft.Identity.Client.xml",
        "lib/uap10.0/Microsoft.Identity.Client.dll",
        "lib/uap10.0/Microsoft.Identity.Client.pri",
        "lib/uap10.0/Microsoft.Identity.Client.xml",
        "lib/xamarinios10/Microsoft.Identity.Client.dll",
        "lib/xamarinios10/Microsoft.Identity.Client.xml",
        "lib/xamarinmac20/Microsoft.Identity.Client.dll",
        "lib/xamarinmac20/Microsoft.Identity.Client.xml",
        "microsoft.identity.client.2.7.1.nupkg.sha512",
        "microsoft.identity.client.nuspec",
        "ref/MonoAndroid8.1/Microsoft.Identity.Client.dll",
        "ref/MonoAndroid8.1/Microsoft.Identity.Client.xml",
        "ref/Xamarin.iOS10/Microsoft.Identity.Client.dll",
        "ref/Xamarin.iOS10/Microsoft.Identity.Client.xml",
        "ref/net45/Microsoft.Identity.Client.dll",
        "ref/net45/Microsoft.Identity.Client.xml",
        "ref/netcoreapp1.0/Microsoft.Identity.Client.dll",
        "ref/netcoreapp1.0/Microsoft.Identity.Client.xml",
        "ref/netstandard1.3/Microsoft.Identity.Client.dll",
        "ref/netstandard1.3/Microsoft.Identity.Client.xml",
        "ref/uap10.0/Microsoft.Identity.Client.dll",
        "ref/uap10.0/Microsoft.Identity.Client.xml",
        "ref/xamarinmac20/Microsoft.Identity.Client.dll",
        "ref/xamarinmac20/Microsoft.Identity.Client.xml"
      ]
    },
    "Microsoft.Rest.ClientRuntime/2.3.20": {
      "sha512": "lJX2JsPrFVG+TxTXvLPe4hlhLqSHXcgLyCIDWZ6BM9LOTCaX+Jkco6ZW3L6mQ3UHUiJgxk0psW1G62QjEJwEMg==",
      "type": "package",
      "path": "microsoft.rest.clientruntime/2.3.20",
      "files": [
        ".signature.p7s",
        "lib/net452/Microsoft.Rest.ClientRuntime.dll",
        "lib/net452/Microsoft.Rest.ClientRuntime.runtimeconfig.json",
        "lib/net452/Microsoft.Rest.ClientRuntime.xml",
        "lib/net461/Microsoft.Rest.ClientRuntime.dll",
        "lib/net461/Microsoft.Rest.ClientRuntime.runtimeconfig.json",
        "lib/net461/Microsoft.Rest.ClientRuntime.xml",
        "lib/netstandard1.4/Microsoft.Rest.ClientRuntime.dll",
        "lib/netstandard1.4/Microsoft.Rest.ClientRuntime.runtimeconfig.json",
        "lib/netstandard1.4/Microsoft.Rest.ClientRuntime.xml",
        "lib/netstandard2.0/Microsoft.Rest.ClientRuntime.dll",
        "lib/netstandard2.0/Microsoft.Rest.ClientRuntime.runtimeconfig.json",
        "lib/netstandard2.0/Microsoft.Rest.ClientRuntime.xml",
        "microsoft.rest.clientruntime.2.3.20.nupkg.sha512",
        "microsoft.rest.clientruntime.nuspec"
      ]
    },
    "Microsoft.VisualStudio.OLE.Interop/7.10.6071": {
      "sha512": "PuINhJH41DbKfkNU+qcyC4Wlt/z0DgI/ViZv6gjUclylnFbUIpCdqm4fK+PKJDfiarHTKnGWkxjKuOIS1Bqs5Q==",
      "type": "package",
      "path": "microsoft.visualstudio.ole.interop/7.10.6071",
      "files": [
        "lib/Microsoft.VisualStudio.OLE.Interop.dll",
        "lib/Microsoft.VisualStudio.OLE.Interop.xml",
        "microsoft.visualstudio.ole.interop.7.10.6071.nupkg.sha512",
        "microsoft.visualstudio.ole.interop.nuspec"
      ]
    },
    "MimeKit/2.1.3": {
      "sha512": "ca3D71hjXU6n1avifY7mU1X2lZ6SGnC7CdGI9LqjrgtPDvQyEjLJW1kQdhJbNr8fvv5uzlMQHitGzeJ0rHdSLw==",
      "type": "package",
      "path": "mimekit/2.1.3",
      "files": [
        ".signature.p7s",
        "lib/monoandroid/BouncyCastle.dll",
        "lib/monoandroid/MimeKit.dll",
        "lib/monoandroid/MimeKit.xml",
        "lib/net45/MimeKit.dll",
        "lib/net45/MimeKit.xml",
        "lib/netstandard1.3/MimeKit.dll",
        "lib/netstandard1.3/MimeKit.xml",
        "lib/netstandard1.6/MimeKit.dll",
        "lib/netstandard1.6/MimeKit.xml",
        "lib/netstandard2.0/MimeKit.dll",
        "lib/netstandard2.0/MimeKit.xml",
        "lib/portable-net45+win8+wpa81/MimeKit.dll",
        "lib/portable-net45+win8+wpa81/MimeKit.xml",
        "lib/portable-net45+win8+wpa81/Portable.Text.Encoding.dll",
        "lib/portable-net45+win8/MimeKit.dll",
        "lib/portable-net45+win8/MimeKit.xml",
        "lib/portable-net45+win8/Portable.Text.Encoding.dll",
        "lib/xamarinios/BouncyCastle.dll",
        "lib/xamarinios/MimeKit.dll",
        "lib/xamarinios/MimeKit.xml",
        "mimekit.2.1.3.nupkg.sha512",
        "mimekit.nuspec"
      ]
    },
    "Newtonsoft.Json/11.0.2": {
      "sha512": "IvJe1pj7JHEsP8B8J8DwlMEx8UInrs/x+9oVY+oCD13jpLu4JbJU2WCIsMRn5C4yW9+DgkaO8uiVE5VHKjpmdQ==",
      "type": "package",
      "path": "newtonsoft.json/11.0.2",
      "files": [
        "LICENSE.md",
        "lib/net20/Newtonsoft.Json.dll",
        "lib/net20/Newtonsoft.Json.xml",
        "lib/net35/Newtonsoft.Json.dll",
        "lib/net35/Newtonsoft.Json.xml",
        "lib/net40/Newtonsoft.Json.dll",
        "lib/net40/Newtonsoft.Json.xml",
        "lib/net45/Newtonsoft.Json.dll",
        "lib/net45/Newtonsoft.Json.xml",
        "lib/netstandard1.0/Newtonsoft.Json.dll",
        "lib/netstandard1.0/Newtonsoft.Json.xml",
        "lib/netstandard1.3/Newtonsoft.Json.dll",
        "lib/netstandard1.3/Newtonsoft.Json.xml",
        "lib/netstandard2.0/Newtonsoft.Json.dll",
        "lib/netstandard2.0/Newtonsoft.Json.xml",
        "lib/portable-net40+sl5+win8+wp8+wpa81/Newtonsoft.Json.dll",
        "lib/portable-net40+sl5+win8+wp8+wpa81/Newtonsoft.Json.xml",
        "lib/portable-net45+win8+wp8+wpa81/Newtonsoft.Json.dll",
        "lib/portable-net45+win8+wp8+wpa81/Newtonsoft.Json.xml",
        "newtonsoft.json.11.0.2.nupkg.sha512",
        "newtonsoft.json.nuspec"
      ]
    },
    "NPOI/2.4.1": {
      "sha512": "85790/CY9z4DCU1KLpcdLSqaqaqmQOenTqXJfcsYK8LIKNAAoTgjT5LYLbORgdwAd63sbaJiCfB1SIn/dAXrJw==",
      "type": "package",
      "path": "npoi/2.4.1",
      "files": [
        "LICENSE",
        "Read Me.txt",
        "lib/NPOI.xml",
        "lib/net40/NPOI.OOXML.dll",
        "lib/net40/NPOI.OpenXml4Net.dll",
        "lib/net40/NPOI.OpenXmlFormats.dll",
        "lib/net40/NPOI.dll",
        "lib/net45/NPOI.OOXML.dll",
        "lib/net45/NPOI.OpenXml4Net.dll",
        "lib/net45/NPOI.OpenXmlFormats.dll",
        "lib/net45/NPOI.dll",
        "lib/netstandard2.0/NPOI.OOXML.deps.json",
        "lib/netstandard2.0/NPOI.OOXML.dll",
        "lib/netstandard2.0/NPOI.OpenXml4Net.deps.json",
        "lib/netstandard2.0/NPOI.OpenXml4Net.dll",
        "lib/netstandard2.0/NPOI.OpenXmlFormats.deps.json",
        "lib/netstandard2.0/NPOI.OpenXmlFormats.dll",
        "lib/netstandard2.0/NPOI.deps.json",
        "lib/netstandard2.0/NPOI.dll",
        "logo/120_120.jpg",
        "logo/240_240.png",
        "logo/32_32.jpg",
        "logo/60_60.jpg",
        "npoi.2.4.1.nupkg.sha512",
        "npoi.nuspec"
      ]
    },
    "SharpZipLib/1.0.0": {
      "sha512": "YuYztmY3jEb21F6e5LIPHJjApdtzdCPQ284UzsCKNfkgW71bukFHJES6RbKi+wm053XzFg0LX5/2vj/9gl8F/g==",
      "type": "package",
      "path": "sharpziplib/1.0.0",
      "files": [
        "lib/net45/ICSharpCode.SharpZipLib.dll",
        "lib/net45/ICSharpCode.SharpZipLib.xml",
        "lib/netstandard2.0/ICSharpCode.SharpZipLib.dll",
        "lib/netstandard2.0/ICSharpCode.SharpZipLib.xml",
        "sharpziplib.1.0.0.nupkg.sha512",
        "sharpziplib.nuspec"
      ]
    },
    "System.IO.FileSystem.Primitives/4.0.1": {
      "sha512": "3OHEB0k4OR6k6gEiaBKYKok7/JEOZqyZ7P4xybb+Y18/v/EdyrIi7VA26yHE9JzT8SHDEK2/h9Is89USv2qdcw==",
      "type": "package",
      "path": "system.io.filesystem.primitives/4.0.1",
      "files": [
        ".signature.p7s",
        "ThirdPartyNotices.txt",
        "dotnet_library_license.txt",
        "lib/MonoAndroid10/_._",
        "lib/MonoTouch10/_._",
        "lib/net46/System.IO.FileSystem.Primitives.dll",
        "lib/netstandard1.3/System.IO.FileSystem.Primitives.dll",
        "lib/xamarinios10/_._",
        "lib/xamarinmac20/_._",
        "lib/xamarintvos10/_._",
        "lib/xamarinwatchos10/_._",
        "ref/MonoAndroid10/_._",
        "ref/MonoTouch10/_._",
        "ref/net46/System.IO.FileSystem.Primitives.dll",
        "ref/netstandard1.3/System.IO.FileSystem.Primitives.dll",
        "ref/netstandard1.3/System.IO.FileSystem.Primitives.xml",
        "ref/netstandard1.3/de/System.IO.FileSystem.Primitives.xml",
        "ref/netstandard1.3/es/System.IO.FileSystem.Primitives.xml",
        "ref/netstandard1.3/fr/System.IO.FileSystem.Primitives.xml",
        "ref/netstandard1.3/it/System.IO.FileSystem.Primitives.xml",
        "ref/netstandard1.3/ja/System.IO.FileSystem.Primitives.xml",
        "ref/netstandard1.3/ko/System.IO.FileSystem.Primitives.xml",
        "ref/netstandard1.3/ru/System.IO.FileSystem.Primitives.xml",
        "ref/netstandard1.3/zh-hans/System.IO.FileSystem.Primitives.xml",
        "ref/netstandard1.3/zh-hant/System.IO.FileSystem.Primitives.xml",
        "ref/xamarinios10/_._",
        "ref/xamarinmac20/_._",
        "ref/xamarintvos10/_._",
        "ref/xamarinwatchos10/_._",
        "system.io.filesystem.primitives.4.0.1.nupkg.sha512",
        "system.io.filesystem.primitives.nuspec"
      ]
    },
    "System.IO.Packaging/4.0.0": {
      "sha512": "9TuysO6d3y3/0PzdllpPp2UeI4j5nJ9TYYz9QyzHd2ycxDcxpoafO6JEYPyRcwPjTauPrD1DBJDsd46G8T4Ntg==",
      "type": "package",
      "path": "system.io.packaging/4.0.0",
      "files": [
        ".signature.p7s",
        "ThirdPartyNotices.txt",
        "dotnet_library_license.txt",
        "lib/net46/System.IO.Packaging.dll",
        "lib/netstandard1.3/System.IO.Packaging.dll",
        "ref/net46/System.IO.Packaging.dll",
        "ref/netstandard1.3/System.IO.Packaging.dll",
        "system.io.packaging.4.0.0.nupkg.sha512",
        "system.io.packaging.nuspec"
      ]
    },
    "System.Runtime.CompilerServices.Unsafe/4.5.1": {
      "sha512": "9r+hFzL5qRJfAzR6AuccmYYtxTneKJTr+9aSf+A2G5EZloSG3FsAUZBOJMAAhNnhfP6mwCGpUwzTjaOjv4b5FA==",
      "type": "package",
      "path": "system.runtime.compilerservices.unsafe/4.5.1",
      "files": [
        ".signature.p7s",
        "LICENSE.TXT",
        "THIRD-PARTY-NOTICES.TXT",
        "lib/netcoreapp2.0/System.Runtime.CompilerServices.Unsafe.dll",
        "lib/netcoreapp2.0/System.Runtime.CompilerServices.Unsafe.xml",
        "lib/netstandard1.0/System.Runtime.CompilerServices.Unsafe.dll",
        "lib/netstandard1.0/System.Runtime.CompilerServices.Unsafe.xml",
        "lib/netstandard2.0/System.Runtime.CompilerServices.Unsafe.dll",
        "lib/netstandard2.0/System.Runtime.CompilerServices.Unsafe.xml",
        "ref/netstandard1.0/System.Runtime.CompilerServices.Unsafe.dll",
        "ref/netstandard1.0/System.Runtime.CompilerServices.Unsafe.xml",
        "ref/netstandard2.0/System.Runtime.CompilerServices.Unsafe.dll",
        "ref/netstandard2.0/System.Runtime.CompilerServices.Unsafe.xml",
        "system.runtime.compilerservices.unsafe.4.5.1.nupkg.sha512",
        "system.runtime.compilerservices.unsafe.nuspec",
        "useSharedDesignerContext.txt",
        "version.txt"
      ]
    },
    "System.ValueTuple/4.5.0": {
      "sha512": "b4TIdjLi5RepihnaO93cfjAgi69fx1ViGvNHYhy9k77LKms2BowENhdpZn9bL9s/dp0tOhv31olkSaQSoHgxTA==",
      "type": "package",
      "path": "system.valuetuple/4.5.0",
      "files": [
        ".signature.p7s",
        "LICENSE.TXT",
        "THIRD-PARTY-NOTICES.TXT",
        "lib/MonoAndroid10/_._",
        "lib/MonoTouch10/_._",
        "lib/net461/System.ValueTuple.dll",
        "lib/net461/System.ValueTuple.xml",
        "lib/net47/System.ValueTuple.dll",
        "lib/net47/System.ValueTuple.xml",
        "lib/netcoreapp2.0/_._",
        "lib/netstandard1.0/System.ValueTuple.dll",
        "lib/netstandard1.0/System.ValueTuple.xml",
        "lib/netstandard2.0/_._",
        "lib/portable-net40+sl4+win8+wp8/System.ValueTuple.dll",
        "lib/portable-net40+sl4+win8+wp8/System.ValueTuple.xml",
        "lib/uap10.0.16299/_._",
        "lib/xamarinios10/_._",
        "lib/xamarinmac20/_._",
        "lib/xamarintvos10/_._",
        "lib/xamarinwatchos10/_._",
        "ref/MonoAndroid10/_._",
        "ref/MonoTouch10/_._",
        "ref/net461/System.ValueTuple.dll",
        "ref/net47/System.ValueTuple.dll",
        "ref/netcoreapp2.0/_._",
        "ref/netstandard2.0/_._",
        "ref/portable-net40+sl4+win8+wp8/System.ValueTuple.dll",
        "ref/uap10.0.16299/_._",
        "ref/xamarinios10/_._",
        "ref/xamarinmac20/_._",
        "ref/xamarintvos10/_._",
        "ref/xamarinwatchos10/_._",
        "system.valuetuple.4.5.0.nupkg.sha512",
        "system.valuetuple.nuspec",
        "useSharedDesignerContext.txt",
        "version.txt"
      ]
    },
    "UiPath/19.7.7128.27029": {
      "sha512": "33NzeCVwr7vTTRV8Yg2QBnbjb2Sxvjp4llWKWO7f3zyY2IlfTd2GncAE32k1uE8cXyG2SXHGZydU125Sem1EAQ==",
      "type": "package",
      "path": "uipath/19.7.7128.27029",
      "files": [
        ".signature.p7s",
        "build/UiPath.targets",
        "build/UiPath/BrowserNativeMessagingImpl.dll",
        "build/UiPath/FuncServer_x64.exe",
        "build/UiPath/FuncServer_x86.exe",
        "build/UiPath/JavaSupport/UiPathBridge.jar",
        "build/UiPath/JavaSupport/UiPathJBIntruder.jar",
        "build/UiPath/JavaSupport/UiPathJBIntruderV8.jar",
        "build/UiPath/JavaSupport/UiPathV8.jar",
        "build/UiPath/JavaSupport/attach_x64/6/attach.dll",
        "build/UiPath/JavaSupport/attach_x64/7/attach.dll",
        "build/UiPath/JavaSupport/attach_x86/6/attach.dll",
        "build/UiPath/JavaSupport/attach_x86/7/attach.dll",
        "build/UiPath/JavaSupport/jaccess-1_2.jar",
        "build/UiPath/JavaSupport/jaccess-1_3.jar",
        "build/UiPath/JavaSupport/jaccess-1_4.jar",
        "build/UiPath/JavaSupport/jaccess.jar",
        "build/UiPath/JavaSupport/tools.jar",
        "build/UiPath/JavaSupport/toolsV8.jar",
        "build/UiPath/JavaSupport/xml-apis.jar",
        "build/UiPath/Resources/x32.manifest",
        "build/UiPath/Resources/x64.manifest",
        "build/UiPath/SLBroker.dll",
        "build/UiPath/SLBroker.xap",
        "build/UiPath/SLHook.dll",
        "build/UiPath/ShaferFilechck.dll",
        "build/UiPath/TCapture.dll",
        "build/UiPath/TCapture_x64.dll",
        "build/UiPath/UiPath.dll",
        "build/UiPath/UiPathJavaBridgeImplV8.dll",
        "build/UiPath/UiPathJavaBridgeImplV8_x64.dll",
        "build/UiPath/UiPathJavaBridgeV8.dll",
        "build/UiPath/UiPathJavaBridgeV8_x64.dll",
        "build/UiPath/UiPathRemote.exe",
        "build/UiPath/UiPathSLB.dll",
        "build/UiPath/UiPathSLB_x64.dll",
        "build/UiPath/UiPath_x64.dll",
        "build/UiPath/aahook.dll",
        "build/UiPath/aahook_x64.dll",
        "build/UiPath/license.config",
        "build/UiPath/msvcr100.dll",
        "build/UiPath/slinject.exe",
        "build/UiPath/x64/ShaferFilechck_x64.DLL",
        "build/UiPath/x64/msvcr100.dll",
        "lib/UiPath.Interop.dll",
        "uipath.19.7.7128.27029.nupkg.sha512",
        "uipath.nuspec"
      ]
    },
    "UiPath.Credentials.Activities/1.1.6479.13204": {
      "sha512": "2C7e17Lk1G6QenZQwA5q0DETGdAb9K34p6SqPcAOdHHyr+BtYSWLWhXn+zNlMF8ZCr51pHCiBPNp33nok2B3Qw==",
      "type": "package",
      "path": "uipath.credentials.activities/1.1.6479.13204",
      "files": [
        "lib/net40-client/UiPath.Credentials.Activities.dll",
        "uipath.credentials.activities.1.1.6479.13204.nupkg.sha512",
        "uipath.credentials.activities.nuspec"
      ]
    },
    "UiPath.Database.Activities/1.2.6863.32528": {
      "sha512": "eNPiEjZztYygiGSvHoQla7A/IJZ54fa3qVkQRG7W+ANyI4mWsjkq0fKbPThaRIThrpJVwyU+0VMavTpHZCNKpQ==",
      "type": "package",
      "path": "uipath.database.activities/1.2.6863.32528",
      "files": [
        "lib/net40-Client/Microsoft.Data.ConnectionUI.Dialog.dll",
        "lib/net40-Client/UiPath.Database.Activities.Design.dll",
        "lib/net40-Client/UiPath.Database.Activities.dll",
        "lib/net40-Client/UiPath.Database.dll",
        "lib/net40-Client/de/UiPath.Database.Activities.Design.resources.dll",
        "lib/net40-Client/de/UiPath.Database.Activities.resources.dll",
        "lib/net40-Client/de/UiPath.Database.resources.dll",
        "lib/net40-Client/fr/UiPath.Database.Activities.Design.resources.dll",
        "lib/net40-Client/fr/UiPath.Database.Activities.resources.dll",
        "lib/net40-Client/fr/UiPath.Database.resources.dll",
        "lib/net40-Client/ja/UiPath.Database.Activities.Design.resources.dll",
        "lib/net40-Client/ja/UiPath.Database.Activities.resources.dll",
        "lib/net40-Client/ja/UiPath.Database.resources.dll",
        "uipath.database.activities.1.2.6863.32528.nupkg.sha512",
        "uipath.database.activities.nuspec"
      ]
    },
    "UiPath.Excel.Activities/2.6.3": {
      "sha512": "TDBTt8+QscHepcJxUB+D8w0SjHIK/o1gsXp4pINFFAmOgJrMbvqOr78IBCXH1xF8F1v2FYAXdHtKI+O85tol3Q==",
      "type": "package",
      "path": "uipath.excel.activities/2.6.3",
      "files": [
        ".signature.p7s",
        "lib/net461/UiPath.Excel.Activities.Design.dll",
        "lib/net461/UiPath.Excel.Activities.dll",
        "lib/net461/UiPath.Excel.dll",
        "lib/net461/de/UiPath.Excel.Activities.Design.resources.dll",
        "lib/net461/de/UiPath.Excel.Activities.resources.dll",
        "lib/net461/de/UiPath.Excel.resources.dll",
        "lib/net461/fr/UiPath.Excel.Activities.Design.resources.dll",
        "lib/net461/fr/UiPath.Excel.Activities.resources.dll",
        "lib/net461/fr/UiPath.Excel.resources.dll",
        "lib/net461/ja/UiPath.Excel.Activities.Design.resources.dll",
        "lib/net461/ja/UiPath.Excel.Activities.resources.dll",
        "lib/net461/ja/UiPath.Excel.resources.dll",
        "lib/net461/ko/UiPath.Excel.Activities.Design.resources.dll",
        "lib/net461/ko/UiPath.Excel.Activities.resources.dll",
        "lib/net461/ko/UiPath.Excel.resources.dll",
        "lib/net461/pt-BR/UiPath.Excel.Activities.Design.resources.dll",
        "lib/net461/pt-BR/UiPath.Excel.Activities.resources.dll",
        "lib/net461/pt-BR/UiPath.Excel.resources.dll",
        "lib/net461/ru/UiPath.Excel.Activities.Design.resources.dll",
        "lib/net461/ru/UiPath.Excel.Activities.resources.dll",
        "lib/net461/ru/UiPath.Excel.resources.dll",
        "lib/net461/zh-CN/UiPath.Excel.Activities.Design.resources.dll",
        "lib/net461/zh-CN/UiPath.Excel.Activities.resources.dll",
        "lib/net461/zh-CN/UiPath.Excel.resources.dll",
        "uipath.excel.activities.2.6.3.nupkg.sha512",
        "uipath.excel.activities.nuspec"
      ]
    },
    "UiPath.Mail.Activities/1.6.0": {
      "sha512": "LZ1yIotZyfwPeJBR27Pb1DWTtQ2paSUhZVJnyx7McYrriC75SzjcuP8Lz7NAk0w4HJ2P6mL0LgtJ+eFPZzUN2A==",
      "type": "package",
      "path": "uipath.mail.activities/1.6.0",
      "files": [
        ".signature.p7s",
        "lib/net461/MailKit.dll",
        "lib/net461/MailKit.xml",
        "lib/net461/MimeKit.dll",
        "lib/net461/MimeKit.xml",
        "lib/net461/UiPath.Mail.Activities.Design.dll",
        "lib/net461/UiPath.Mail.Activities.dll",
        "lib/net461/UiPath.Mail.dll",
        "lib/net461/de/UiPath.Mail.Activities.Design.resources.dll",
        "lib/net461/de/UiPath.Mail.Activities.resources.dll",
        "lib/net461/de/UiPath.Mail.resources.dll",
        "lib/net461/fr/UiPath.Mail.Activities.Design.resources.dll",
        "lib/net461/fr/UiPath.Mail.Activities.resources.dll",
        "lib/net461/fr/UiPath.Mail.resources.dll",
        "lib/net461/ja/UiPath.Mail.Activities.Design.resources.dll",
        "lib/net461/ja/UiPath.Mail.Activities.resources.dll",
        "lib/net461/ja/UiPath.Mail.resources.dll",
        "lib/net461/ko/UiPath.Mail.Activities.Design.resources.dll",
        "lib/net461/ko/UiPath.Mail.Activities.resources.dll",
        "lib/net461/ko/UiPath.Mail.resources.dll",
        "lib/net461/pt-BR/UiPath.Mail.Activities.Design.resources.dll",
        "lib/net461/pt-BR/UiPath.Mail.Activities.resources.dll",
        "lib/net461/pt-BR/UiPath.Mail.resources.dll",
        "lib/net461/ru/UiPath.Mail.Activities.Design.resources.dll",
        "lib/net461/ru/UiPath.Mail.Activities.resources.dll",
        "lib/net461/ru/UiPath.Mail.resources.dll",
        "lib/net461/zh-CN/UiPath.Mail.Activities.Design.resources.dll",
        "lib/net461/zh-CN/UiPath.Mail.Activities.resources.dll",
        "lib/net461/zh-CN/UiPath.Mail.resources.dll",
        "uipath.mail.activities.1.6.0.nupkg.sha512",
        "uipath.mail.activities.nuspec"
      ]
    },
    "UiPath.MicrosoftOffice365.Activities/1.0.1": {
      "sha512": "XFPN1MavqDpi5ojZy4dJzKMbL80h53bE6LCEQrsYiDMVDl2alMOPdubtAvEHcpLgs9A893Ccpld3J+ElW5hvyg==",
      "type": "package",
      "path": "uipath.microsoftoffice365.activities/1.0.1",
      "files": [
        "lib/net461/UiPath.MicrosoftOffice365.Activities.Design.dll",
        "lib/net461/UiPath.MicrosoftOffice365.Activities.dll",
        "lib/net461/UiPath.MicrosoftOffice365.dll",
        "lib/net461/fr/UiPath.MicrosoftOffice365.Activities.Design.resources.dll",
        "lib/net461/fr/UiPath.MicrosoftOffice365.Activities.resources.dll",
        "lib/net461/fr/UiPath.MicrosoftOffice365.resources.dll",
        "lib/net461/ja/UiPath.MicrosoftOffice365.Activities.Design.resources.dll",
        "lib/net461/ja/UiPath.MicrosoftOffice365.Activities.resources.dll",
        "lib/net461/ja/UiPath.MicrosoftOffice365.resources.dll",
        "lib/net461/ru/UiPath.MicrosoftOffice365.Activities.Design.resources.dll",
        "lib/net461/ru/UiPath.MicrosoftOffice365.Activities.resources.dll",
        "lib/net461/ru/UiPath.MicrosoftOffice365.resources.dll",
        "lib/net461/zh-CN/UiPath.MicrosoftOffice365.Activities.Design.resources.dll",
        "lib/net461/zh-CN/UiPath.MicrosoftOffice365.Activities.resources.dll",
        "lib/net461/zh-CN/UiPath.MicrosoftOffice365.resources.dll",
        "uipath.microsoftoffice365.activities.1.0.1.nupkg.sha512",
        "uipath.microsoftoffice365.activities.nuspec"
      ]
    },
    "UiPath.OCR.Contracts/2.0.0": {
      "sha512": "FU2mwN3p0WkhlIXGUDTicRWaZ4FFuFS4LX1xcnWyn+24oNgdua5ZlGTLBX5SWkHTikcI8cSduUCuTCK1bVabWA==",
      "type": "package",
      "path": "uipath.ocr.contracts/2.0.0",
      "files": [
        ".signature.p7s",
        "lib/net45/UiPath.OCR.Contracts.dll",
        "uipath.ocr.contracts.2.0.0.nupkg.sha512",
        "uipath.ocr.contracts.nuspec"
      ]
    },
    "UiPath.System.Activities/20.4.0": {
      "sha512": "bb90YeI42DxXwPxtamrU7pUJ4HT24Ck/RzxO9K3MI5QyztrGh+IORos+jvu6GN0sfhU/XLOcABENyootZsrynA==",
      "type": "package",
      "path": "uipath.system.activities/20.4.0",
      "files": [
        ".signature.p7s",
        "lib/net461/ActiproSoftware.Docking.Wpf.dll",
        "lib/net461/ActiproSoftware.Ribbon.Wpf.dll",
        "lib/net461/ActiproSoftware.Shared.Wpf.dll",
        "lib/net461/ActiproSoftware.SyntaxEditor.Addons.DotNet.Wpf.dll",
        "lib/net461/ActiproSoftware.SyntaxEditor.Wpf.dll",
        "lib/net461/ActiproSoftware.Text.Addons.DotNet.Wpf.dll",
        "lib/net461/ActiproSoftware.Text.LLParser.Wpf.dll",
        "lib/net461/ActiproSoftware.Text.Wpf.dll",
        "lib/net461/ActiproSoftware.Wizard.Wpf.dll",
        "lib/net461/CustomInputForm.exe",
        "lib/net461/UiPath.OrchestratorClient.dll",
        "lib/net461/UiPath.System.Activities.Design.dll",
        "lib/net461/UiPath.System.Activities.dll",
        "lib/net461/de/UiPath.System.Activities.Design.resources.dll",
        "lib/net461/de/UiPath.System.Activities.resources.dll",
        "lib/net461/es-MX/UiPath.System.Activities.Design.resources.dll",
        "lib/net461/es-MX/UiPath.System.Activities.resources.dll",
        "lib/net461/es/UiPath.System.Activities.Design.resources.dll",
        "lib/net461/es/UiPath.System.Activities.resources.dll",
        "lib/net461/fr/UiPath.System.Activities.Design.resources.dll",
        "lib/net461/fr/UiPath.System.Activities.resources.dll",
        "lib/net461/ja/UiPath.System.Activities.Design.resources.dll",
        "lib/net461/ja/UiPath.System.Activities.resources.dll",
        "lib/net461/ko/UiPath.System.Activities.Design.resources.dll",
        "lib/net461/ko/UiPath.System.Activities.resources.dll",
        "lib/net461/pt-BR/UiPath.System.Activities.Design.resources.dll",
        "lib/net461/pt-BR/UiPath.System.Activities.resources.dll",
        "lib/net461/pt/UiPath.System.Activities.Design.resources.dll",
        "lib/net461/pt/UiPath.System.Activities.resources.dll",
        "lib/net461/ru/UiPath.System.Activities.Design.resources.dll",
        "lib/net461/ru/UiPath.System.Activities.resources.dll",
        "lib/net461/tr/UiPath.System.Activities.Design.resources.dll",
        "lib/net461/tr/UiPath.System.Activities.resources.dll",
        "lib/net461/zh-CN/UiPath.System.Activities.Design.resources.dll",
        "lib/net461/zh-CN/UiPath.System.Activities.resources.dll",
        "uipath.system.activities.20.4.0.nupkg.sha512",
        "uipath.system.activities.nuspec"
      ]
    },
    "UiPath.UIAutomation.Activities/19.7.0": {
      "sha512": "4ZT6RXg34MKUUzAfkIvM0dcR0mJmJ6dlXcv88sT816vCPSMXUQf3eUuYJMWeApvAjUUZsLw7wO8PtvnjzwwmfQ==",
      "type": "package",
      "path": "uipath.uiautomation.activities/19.7.0",
      "files": [
        ".signature.p7s",
        "build/ActiproSoftware.DataGrid.Contrib.Wpf.dll",
        "build/ActiproSoftware.Docking.Wpf.dll",
        "build/ActiproSoftware.Editors.Wpf.dll",
        "build/ActiproSoftware.Ribbon.Wpf.dll",
        "build/ActiproSoftware.Shared.Wpf.dll",
        "build/ActiproSoftware.SyntaxEditor.Addons.DotNet.Wpf.dll",
        "build/ActiproSoftware.SyntaxEditor.Wpf.dll",
        "build/ActiproSoftware.Text.Addons.DotNet.Wpf.dll",
        "build/ActiproSoftware.Text.LLParser.Wpf.dll",
        "build/ActiproSoftware.Text.Wpf.dll",
        "build/ActiproSoftware.Wizard.Wpf.dll",
        "build/ICSharpCode.AvalonEdit.dll",
        "build/System.ValueTuple.dll",
        "build/UiExplorer.exe",
        "build/UiExplorer.exe.config",
        "build/UiPath.Activities.Contracts.dll",
        "build/UiPath.UIAutomation.Activities.Design.dll",
        "build/UiPath.UiAutomation.Activities.dll",
        "build/fr/UiExplorer.resources.dll",
        "build/fr/UiPath.UIAutomation.Activities.Design.resources.dll",
        "build/fr/UiPath.UiAutomation.Activities.resources.dll",
        "build/ja/UiExplorer.resources.dll",
        "build/ja/UiPath.UIAutomation.Activities.Design.resources.dll",
        "build/ja/UiPath.UiAutomation.Activities.resources.dll",
        "build/ru/UiExplorer.resources.dll",
        "build/ru/UiPath.UIAutomation.Activities.Design.resources.dll",
        "build/ru/UiPath.UiAutomation.Activities.resources.dll",
        "build/zh-CN/UiExplorer.resources.dll",
        "build/zh-CN/UiPath.UIAutomation.Activities.Design.resources.dll",
        "build/zh-CN/UiPath.UiAutomation.Activities.resources.dll",
        "lib/net461/ActiproSoftware.DataGrid.Contrib.Wpf.dll",
        "lib/net461/ActiproSoftware.Docking.Wpf.dll",
        "lib/net461/ActiproSoftware.Editors.Wpf.dll",
        "lib/net461/ActiproSoftware.Ribbon.Wpf.dll",
        "lib/net461/ActiproSoftware.Shared.Wpf.dll",
        "lib/net461/ActiproSoftware.SyntaxEditor.Addons.DotNet.Wpf.dll",
        "lib/net461/ActiproSoftware.SyntaxEditor.Wpf.dll",
        "lib/net461/ActiproSoftware.Text.Addons.DotNet.Wpf.dll",
        "lib/net461/ActiproSoftware.Text.LLParser.Wpf.dll",
        "lib/net461/ActiproSoftware.Text.Wpf.dll",
        "lib/net461/ActiproSoftware.Wizard.Wpf.dll",
        "lib/net461/UiPath.UIAutomation.Activities.Design.dll",
        "lib/net461/UiPath.UiAutomation.Activities.dll",
        "lib/net461/UiPath.Wizards.dll",
        "lib/net461/fr/UiPath.UIAutomation.Activities.Design.resources.dll",
        "lib/net461/fr/UiPath.UiAutomation.Activities.resources.dll",
        "lib/net461/fr/UiPath.Wizards.resources.dll",
        "lib/net461/ja/UiPath.UIAutomation.Activities.Design.resources.dll",
        "lib/net461/ja/UiPath.UiAutomation.Activities.resources.dll",
        "lib/net461/ja/UiPath.Wizards.resources.dll",
        "lib/net461/ru/UiPath.UIAutomation.Activities.Design.resources.dll",
        "lib/net461/ru/UiPath.UiAutomation.Activities.resources.dll",
        "lib/net461/ru/UiPath.Wizards.resources.dll",
        "lib/net461/zh-CN/UiPath.UIAutomation.Activities.Design.resources.dll",
        "lib/net461/zh-CN/UiPath.UiAutomation.Activities.resources.dll",
        "lib/net461/zh-CN/UiPath.Wizards.resources.dll",
        "uipath.uiautomation.activities.19.7.0.nupkg.sha512",
        "uipath.uiautomation.activities.nuspec"
      ]
    },
    "UiPath.Vision/1.6.1": {
      "sha512": "nqc5Vo4HDfYKLBaZuTrP5Zwzns6Yghk7Agzagd4qzY2kry2UNL2HDCGKxQ2sYcbz8uNYMcbqRPRe/AoFcgjy+w==",
      "type": "package",
      "path": "uipath.vision/1.6.1",
      "files": [
        ".signature.p7s",
        "build/AForge.Imaging.dll",
        "build/AForge.Math.dll",
        "build/AForge.dll",
        "build/AbbyyOnlineSdk.dll",
        "build/BouncyCastle.Crypto.dll",
        "build/Emgu.CV.World.dll",
        "build/Google.Api.CommonProtos.dll",
        "build/Google.Api.Gax.Grpc.dll",
        "build/Google.Api.Gax.dll",
        "build/Google.Apis.Auth.PlatformServices.dll",
        "build/Google.Apis.Auth.dll",
        "build/Google.Apis.Core.dll",
        "build/Google.Apis.PlatformServices.dll",
        "build/Google.Apis.dll",
        "build/Google.Cloud.Vision.V1.dll",
        "build/Google.LongRunning.dll",
        "build/Google.Protobuf.dll",
        "build/Grpc.Auth.dll",
        "build/Grpc.Core.dll",
        "build/Microsoft.Azure.CognitiveServices.Vision.ComputerVision.dll",
        "build/Microsoft.ProjectOxford.Vision.dll",
        "build/Microsoft.Rest.ClientRuntime.Azure.dll",
        "build/Microsoft.Rest.ClientRuntime.dll",
        "build/NLog.dll",
        "build/Newtonsoft.Json.dll",
        "build/System.Collections.Immutable.dll",
        "build/System.Interactive.Async.dll",
        "build/System.ValueTuple.dll",
        "build/UiPath.OCR.Contracts.dll",
        "build/UiPath.Vision.AbbyyCloud.dll",
        "build/UiPath.Vision.AbbyyFRE11.dll",
        "build/UiPath.Vision.AbbyyFRE12.dll",
        "build/UiPath.Vision.AbbyyFRECommon.dll",
        "build/UiPath.Vision.AzureComputerVision.dll",
        "build/UiPath.Vision.Core.dll",
        "build/UiPath.Vision.GoogleCloud.dll",
        "build/UiPath.Vision.Host32.exe",
        "build/UiPath.Vision.Host32.exe.config",
        "build/UiPath.Vision.Microsoft.dll",
        "build/UiPath.Vision.MicrosoftCloud.dll",
        "build/UiPath.Vision.Tesseract.dll",
        "build/UiPath.Vision.dll",
        "build/ZedGraph.dll",
        "build/Zlib.Portable.dll",
        "build/grpc_csharp_ext.x64.dll",
        "build/grpc_csharp_ext.x86.dll",
        "build/nlog.config",
        "build/tessdata/eng.traineddata",
        "build/x86/concrt140.dll",
        "build/x86/cvextern.dll",
        "build/x86/msvcp140.dll",
        "build/x86/opencv_ffmpeg341.dll",
        "build/x86/tbb.dll",
        "build/x86/vcruntime140.dll",
        "lib/net452/UiPath.Vision.AbbyyCloud.dll",
        "lib/net452/UiPath.Vision.AbbyyFRE11.dll",
        "lib/net452/UiPath.Vision.AbbyyFRE12.dll",
        "lib/net452/UiPath.Vision.AbbyyFRECommon.dll",
        "lib/net452/UiPath.Vision.AzureComputerVision.dll",
        "lib/net452/UiPath.Vision.Core.dll",
        "lib/net452/UiPath.Vision.GoogleCloud.dll",
        "lib/net452/UiPath.Vision.Host32.exe",
        "lib/net452/UiPath.Vision.Microsoft.dll",
        "lib/net452/UiPath.Vision.MicrosoftCloud.dll",
        "lib/net452/UiPath.Vision.Tesseract.dll",
        "lib/net452/UiPath.Vision.dll",
        "uipath.vision.1.6.1.nupkg.sha512",
        "uipath.vision.nuspec"
      ]
    },
    "UiPath.Word.Activities/1.3.3": {
      "sha512": "wnDXUaQxJIbf8wpfCXyyPTL168kTQybq8YzKC1Xxzr5qCbZfuxNeiQXxlAZMsFqOeuSVl6nQaJLb4FXixd0pIg==",
      "type": "package",
      "path": "uipath.word.activities/1.3.3",
      "files": [
        ".signature.p7s",
        "lib/net452/UiPath.Word.Activities.Design.dll",
        "lib/net452/UiPath.Word.Activities.dll",
        "lib/net452/UiPath.Word.dll",
        "lib/net452/de/UiPath.Word.Activities.Design.resources.dll",
        "lib/net452/de/UiPath.Word.Activities.resources.dll",
        "lib/net452/de/UiPath.Word.resources.dll",
        "lib/net452/fr/UiPath.Word.Activities.Design.resources.dll",
        "lib/net452/fr/UiPath.Word.Activities.resources.dll",
        "lib/net452/fr/UiPath.Word.resources.dll",
        "lib/net452/ja/UiPath.Word.Activities.Design.resources.dll",
        "lib/net452/ja/UiPath.Word.Activities.resources.dll",
        "lib/net452/ja/UiPath.Word.resources.dll",
        "lib/net452/ko/UiPath.Word.Activities.Design.resources.dll",
        "lib/net452/ko/UiPath.Word.Activities.resources.dll",
        "lib/net452/ko/UiPath.Word.resources.dll",
        "lib/net452/pt-BR/UiPath.Word.Activities.Design.resources.dll",
        "lib/net452/pt-BR/UiPath.Word.Activities.resources.dll",
        "lib/net452/pt-BR/UiPath.Word.resources.dll",
        "lib/net452/ru/UiPath.Word.Activities.Design.resources.dll",
        "lib/net452/ru/UiPath.Word.Activities.resources.dll",
        "lib/net452/ru/UiPath.Word.resources.dll",
        "lib/net452/zh-CN/UiPath.Word.Activities.Design.resources.dll",
        "lib/net452/zh-CN/UiPath.Word.Activities.resources.dll",
        "lib/net452/zh-CN/UiPath.Word.resources.dll",
        "uipath.word.activities.1.3.3.nupkg.sha512",
        "uipath.word.activities.nuspec"
      ]
    },
    "UiPathTeam.Excel.Extensions.Activities/1.0.7107.42453": {
      "sha512": "OAo8pQRq8FMxUFM43Bzv++RTm1IqcVNgjvHoeb9EzVKpUYem7WNxUv88tSZKrAc3Y1ukX/KbqEtdOaqXZVnaUQ==",
      "type": "package",
      "path": "uipathteam.excel.extensions.activities/1.0.7107.42453",
      "files": [
        "lib/net451/Excel.Activites.Design.dll",
        "lib/net451/Excel.Activities.dll",
        "uipathteam.excel.extensions.activities.1.0.7107.42453.nupkg.sha512",
        "uipathteam.excel.extensions.activities.nuspec"
      ]
    },
    "UiPathTeam.File.Activities/1.0.4": {
      "sha512": "5TF+Ed2pkoAUjRJMkIZq/QqjC5rytuQ3n+GxA7Uj1LZOQV6Z1LcjjS1cFxeYKu1QNAt9RJu1iB1C433VyaAqUg==",
      "type": "package",
      "path": "uipathteam.file.activities/1.0.4",
      "files": [
        "lib/net452/UiPathTeam.File.Activities.Design.dll",
        "lib/net452/UiPathTeam.File.Activities.dll",
        "uipathteam.file.activities.1.0.4.nupkg.sha512",
        "uipathteam.file.activities.nuspec"
      ]
    }
  },
  "projectFileDependencyGroups": {
    "": [],
    ".NETFramework,Version=v4.6.1": [
      "UiPath.Credentials.Activities >= 1.1.6479.13204 <= 1.1.6479.13204",
      "UiPath.Database.Activities >= 1.2.6863.32528 <= 1.2.6863.32528",
      "UiPath.Excel.Activities >= 2.6.3 <= 2.6.3",
      "UiPath.Mail.Activities >= 1.6.0 <= 1.6.0",
      "UiPath.MicrosoftOffice365.Activities >= 1.0.1 <= 1.0.1",
      "UiPath.System.Activities >= 20.4.0 <= 20.4.0",
      "UiPath.UIAutomation.Activities >= 19.7.0 <= 19.7.0",
      "UiPath.Word.Activities >= 1.3.3 <= 1.3.3",
      "UiPathTeam.Excel.Extensions.Activities >= 1.0.7107.42453 <= 1.0.7107.42453",
      "UiPathTeam.File.Activities >= 1.0.4 <= 1.0.4"
    ]
  },
  "packageFolders": {
    "D:\\Users\\RPA.Test8\\.nuget\\packages\\": {}
  },
  "project": {
    "restore": {
      "projectUniqueName": "Linkedin",
      "projectName": "Linkedin",
      "projectPath": "D:\\Users\\RPA.Test8\\Documents\\UiPath\\Harshini\\Linkedin\\Linkedin\\.local",
      "packagesPath": "D:\\Users\\RPA.Test8\\.nuget\\packages\\",
      "outputPath": "D:\\Users\\RPA.Test8\\Documents\\UiPath\\Harshini\\Linkedin\\Linkedin\\.local"
    },
    "frameworks": {
      "net461": {
        "dependencies": {
          "UiPath.Credentials.Activities": {
            "include": "Runtime",
            "target": "Package",
            "version": "[1.1.6479.13204, 1.1.6479.13204]"
          },
          "UiPath.Database.Activities": {
            "include": "Runtime",
            "target": "Package",
            "version": "[1.2.6863.32528, 1.2.6863.32528]"
          },
          "UiPath.Excel.Activities": {
            "include": "Runtime",
            "target": "Package",
            "version": "[2.6.3, 2.6.3]"
          },
          "UiPath.Mail.Activities": {
            "include": "Runtime",
            "target": "Package",
            "version": "[1.6.0, 1.6.0]"
          },
          "UiPath.MicrosoftOffice365.Activities": {
            "include": "Runtime",
            "target": "Package",
            "version": "[1.0.1, 1.0.1]"
          },
          "UiPath.System.Activities": {
            "include": "Runtime",
            "target": "Package",
            "version": "[20.4.0, 20.4.0]"
          },
          "UiPath.UIAutomation.Activities": {
            "include": "Runtime",
            "target": "Package",
            "version": "[19.7.0, 19.7.0]"
          },
          "UiPath.Word.Activities": {
            "include": "Runtime",
            "target": "Package",
            "version": "[1.3.3, 1.3.3]"
          },
          "UiPathTeam.Excel.Extensions.Activities": {
            "include": "Runtime",
            "target": "Package",
            "version": "[1.0.7107.42453, 1.0.7107.42453]"
          },
          "UiPathTeam.File.Activities": {
            "include": "Runtime",
            "target": "Package",
            "version": "[1.0.4, 1.0.4]"
          }
        }
      }
    }
  }
}