{"Packages":[{"Package":{"Id":"UiPath.Credentials.Activities","Version":"1.1.6479.13204"},"Assemblies":["D:\\Users\\RPA.Test8\\.nuget\\packages\\credentialmanagement/1.0.2\\lib/net35/CredentialManagement.dll","D:\\Users\\RPA.Test8\\.nuget\\packages\\uipath.credentials.activities/1.1.6479.13204\\lib/net40-client/UiPath.Credentials.Activities.dll"]},{"Package":{"Id":"UiPathTeam.File.Activities","Version":"1.0.4"},"Assemblies":["D:\\Users\\RPA.Test8\\.nuget\\packages\\uipathteam.file.activities/1.0.4\\lib/net452/UiPathTeam.File.Activities.Design.dll","D:\\Users\\RPA.Test8\\.nuget\\packages\\uipathteam.file.activities/1.0.4\\lib/net452/UiPathTeam.File.Activities.dll"]},{"Package":{"Id":"UiPathTeam.Excel.Extensions.Activities","Version":"1.0.7107.42453"},"Assemblies":["D:\\Users\\RPA.Test8\\.nuget\\packages\\uipathteam.excel.extensions.activities/1.0.7107.42453\\lib/net451/Excel.Activites.Design.dll","D:\\Users\\RPA.Test8\\.nuget\\packages\\uipathteam.excel.extensions.activities/1.0.7107.42453\\lib/net451/Excel.Activities.dll"]},{"Package":{"Id":"UiPath.MicrosoftOffice365.Activities","Version":"1.0.1"},"Assemblies":["D:\\Users\\RPA.Test8\\.nuget\\packages\\bouncycastle/1.8.5\\lib/BouncyCastle.Crypto.dll","D:\\Users\\RPA.Test8\\.nuget\\packages\\closedxml/0.94.2\\lib/net46/ClosedXML.dll","D:\\Users\\RPA.Test8\\.nuget\\packages\\documentformat.openxml/2.7.2\\lib/net46/DocumentFormat.OpenXml.dll","D:\\Users\\RPA.Test8\\.nuget\\packages\\excelnumberformat/1.0.3\\lib/net20/ExcelNumberFormat.dll","D:\\Users\\RPA.Test8\\.nuget\\packages\\fastmember/1.3.0\\lib/net45/FastMember.dll","D:\\Users\\RPA.Test8\\.nuget\\packages\\microsoft.graph/1.12.0\\lib/net45/Microsoft.Graph.dll","D:\\Users\\RPA.Test8\\.nuget\\packages\\microsoft.graph.core/1.12.0\\lib/net45/Microsoft.Graph.Core.dll","D:\\Users\\RPA.Test8\\.nuget\\packages\\microsoft.identity.client/2.7.1\\lib/net45/Microsoft.Identity.Client.dll","D:\\Users\\RPA.Test8\\.nuget\\packages\\mimekit/2.1.3\\lib/net45/MimeKit.dll","D:\\Users\\RPA.Test8\\.nuget\\packages\\newtonsoft.json/11.0.2\\lib/net45/Newtonsoft.Json.dll","D:\\Users\\RPA.Test8\\.nuget\\packages\\system.io.filesystem.primitives/4.0.1\\lib/net46/System.IO.FileSystem.Primitives.dll","D:\\Users\\RPA.Test8\\.nuget\\packages\\system.io.packaging/4.0.0\\lib/net46/System.IO.Packaging.dll","D:\\Users\\RPA.Test8\\.nuget\\packages\\system.runtime.compilerservices.unsafe/4.5.1\\lib/netstandard2.0/System.Runtime.CompilerServices.Unsafe.dll","D:\\Users\\RPA.Test8\\.nuget\\packages\\uipath.microsoftoffice365.activities/1.0.1\\lib/net461/UiPath.MicrosoftOffice365.Activities.Design.dll","D:\\Users\\RPA.Test8\\.nuget\\packages\\uipath.microsoftoffice365.activities/1.0.1\\lib/net461/UiPath.MicrosoftOffice365.Activities.dll","D:\\Users\\RPA.Test8\\.nuget\\packages\\uipath.microsoftoffice365.activities/1.0.1\\lib/net461/UiPath.MicrosoftOffice365.dll"]},{"Package":{"Id":"UiPath.Database.Activities","Version":"1.2.6863.32528"},"Assemblies":["D:\\Users\\RPA.Test8\\.nuget\\packages\\uipath.database.activities/1.2.6863.32528\\lib/net40-Client/Microsoft.Data.ConnectionUI.Dialog.dll","D:\\Users\\RPA.Test8\\.nuget\\packages\\uipath.database.activities/1.2.6863.32528\\lib/net40-Client/UiPath.Database.Activities.Design.dll","D:\\Users\\RPA.Test8\\.nuget\\packages\\uipath.database.activities/1.2.6863.32528\\lib/net40-Client/UiPath.Database.Activities.dll","D:\\Users\\RPA.Test8\\.nuget\\packages\\uipath.database.activities/1.2.6863.32528\\lib/net40-Client/UiPath.Database.dll"]},{"Package":{"Id":"UiPath.Excel.Activities","Version":"2.6.3"},"Assemblies":["D:\\Users\\RPA.Test8\\.nuget\\packages\\closedxml/0.94.2\\lib/net46/ClosedXML.dll","D:\\Users\\RPA.Test8\\.nuget\\packages\\csvhelper/2.13.5\\lib/net40-client/CsvHelper.dll","D:\\Users\\RPA.Test8\\.nuget\\packages\\documentformat.openxml/2.7.2\\lib/net46/DocumentFormat.OpenXml.dll","D:\\Users\\RPA.Test8\\.nuget\\packages\\excelnumberformat/1.0.3\\lib/net20/ExcelNumberFormat.dll","D:\\Users\\RPA.Test8\\.nuget\\packages\\fastmember/1.3.0\\lib/net45/FastMember.dll","D:\\Users\\RPA.Test8\\.nuget\\packages\\microsoft.visualstudio.ole.interop/7.10.6071\\lib/Microsoft.VisualStudio.OLE.Interop.dll","D:\\Users\\RPA.Test8\\.nuget\\packages\\npoi/2.4.1\\lib/net45/NPOI.OOXML.dll","D:\\Users\\RPA.Test8\\.nuget\\packages\\npoi/2.4.1\\lib/net45/NPOI.OpenXml4Net.dll","D:\\Users\\RPA.Test8\\.nuget\\packages\\npoi/2.4.1\\lib/net45/NPOI.OpenXmlFormats.dll","D:\\Users\\RPA.Test8\\.nuget\\packages\\npoi/2.4.1\\lib/net45/NPOI.dll","D:\\Users\\RPA.Test8\\.nuget\\packages\\sharpziplib/1.0.0\\lib/net45/ICSharpCode.SharpZipLib.dll","D:\\Users\\RPA.Test8\\.nuget\\packages\\system.io.filesystem.primitives/4.0.1\\lib/net46/System.IO.FileSystem.Primitives.dll","D:\\Users\\RPA.Test8\\.nuget\\packages\\system.io.packaging/4.0.0\\lib/net46/System.IO.Packaging.dll","D:\\Users\\RPA.Test8\\.nuget\\packages\\uipath.excel.activities/2.6.3\\lib/net461/UiPath.Excel.Activities.Design.dll","D:\\Users\\RPA.Test8\\.nuget\\packages\\uipath.excel.activities/2.6.3\\lib/net461/UiPath.Excel.Activities.dll","D:\\Users\\RPA.Test8\\.nuget\\packages\\uipath.excel.activities/2.6.3\\lib/net461/UiPath.Excel.dll"]},{"Package":{"Id":"UiPath.Word.Activities","Version":"1.3.3"},"Assemblies":["D:\\Users\\RPA.Test8\\.nuget\\packages\\docx/1.0.0.18\\lib/net40/DocX.dll","D:\\Users\\RPA.Test8\\.nuget\\packages\\uipath.word.activities/1.3.3\\lib/net452/UiPath.Word.Activities.Design.dll","D:\\Users\\RPA.Test8\\.nuget\\packages\\uipath.word.activities/1.3.3\\lib/net452/UiPath.Word.Activities.dll","D:\\Users\\RPA.Test8\\.nuget\\packages\\uipath.word.activities/1.3.3\\lib/net452/UiPath.Word.dll"]},{"Package":{"Id":"UiPath.UIAutomation.Activities","Version":"19.7.0"},"Assemblies":["D:\\Users\\RPA.Test8\\.nuget\\packages\\avalonedit/5.0.3\\lib/Net40/ICSharpCode.AvalonEdit.dll","D:\\Users\\RPA.Test8\\.nuget\\packages\\extended.wpf.toolkit/2.8.0\\lib/net40/Xceed.Wpf.AvalonDock.Themes.Aero.dll","D:\\Users\\RPA.Test8\\.nuget\\packages\\extended.wpf.toolkit/2.8.0\\lib/net40/Xceed.Wpf.AvalonDock.Themes.Metro.dll","D:\\Users\\RPA.Test8\\.nuget\\packages\\extended.wpf.toolkit/2.8.0\\lib/net40/Xceed.Wpf.AvalonDock.Themes.VS2010.dll","D:\\Users\\RPA.Test8\\.nuget\\packages\\extended.wpf.toolkit/2.8.0\\lib/net40/Xceed.Wpf.AvalonDock.dll","D:\\Users\\RPA.Test8\\.nuget\\packages\\extended.wpf.toolkit/2.8.0\\lib/net40/Xceed.Wpf.DataGrid.dll","D:\\Users\\RPA.Test8\\.nuget\\packages\\extended.wpf.toolkit/2.8.0\\lib/net40/Xceed.Wpf.Toolkit.dll","D:\\Users\\RPA.Test8\\.nuget\\packages\\humanizer.core/2.4.2\\lib/netstandard2.0/Humanizer.dll","D:\\Users\\RPA.Test8\\.nuget\\packages\\uipath/19.7.7128.27029\\lib/UiPath.Interop.dll","D:\\Users\\RPA.Test8\\.nuget\\packages\\uipath.ocr.contracts/2.0.0\\lib/net45/UiPath.OCR.Contracts.dll","D:\\Users\\RPA.Test8\\.nuget\\packages\\uipath.uiautomation.activities/19.7.0\\lib/net461/ActiproSoftware.DataGrid.Contrib.Wpf.dll","D:\\Users\\RPA.Test8\\.nuget\\packages\\uipath.uiautomation.activities/19.7.0\\lib/net461/ActiproSoftware.Docking.Wpf.dll","D:\\Users\\RPA.Test8\\.nuget\\packages\\uipath.uiautomation.activities/19.7.0\\lib/net461/ActiproSoftware.Editors.Wpf.dll","D:\\Users\\RPA.Test8\\.nuget\\packages\\uipath.uiautomation.activities/19.7.0\\lib/net461/ActiproSoftware.Ribbon.Wpf.dll","D:\\Users\\RPA.Test8\\.nuget\\packages\\uipath.uiautomation.activities/19.7.0\\lib/net461/ActiproSoftware.Shared.Wpf.dll","D:\\Users\\RPA.Test8\\.nuget\\packages\\uipath.uiautomation.activities/19.7.0\\lib/net461/ActiproSoftware.SyntaxEditor.Addons.DotNet.Wpf.dll","D:\\Users\\RPA.Test8\\.nuget\\packages\\uipath.uiautomation.activities/19.7.0\\lib/net461/ActiproSoftware.SyntaxEditor.Wpf.dll","D:\\Users\\RPA.Test8\\.nuget\\packages\\uipath.uiautomation.activities/19.7.0\\lib/net461/ActiproSoftware.Text.Addons.DotNet.Wpf.dll","D:\\Users\\RPA.Test8\\.nuget\\packages\\uipath.uiautomation.activities/19.7.0\\lib/net461/ActiproSoftware.Text.LLParser.Wpf.dll","D:\\Users\\RPA.Test8\\.nuget\\packages\\uipath.uiautomation.activities/19.7.0\\lib/net461/ActiproSoftware.Text.Wpf.dll","D:\\Users\\RPA.Test8\\.nuget\\packages\\uipath.uiautomation.activities/19.7.0\\lib/net461/ActiproSoftware.Wizard.Wpf.dll","D:\\Users\\RPA.Test8\\.nuget\\packages\\uipath.uiautomation.activities/19.7.0\\lib/net461/UiPath.UIAutomation.Activities.Design.dll","D:\\Users\\RPA.Test8\\.nuget\\packages\\uipath.uiautomation.activities/19.7.0\\lib/net461/UiPath.UiAutomation.Activities.dll","D:\\Users\\RPA.Test8\\.nuget\\packages\\uipath.uiautomation.activities/19.7.0\\lib/net461/UiPath.Wizards.dll","D:\\Users\\RPA.Test8\\.nuget\\packages\\uipath.vision/1.6.1\\lib/net452/UiPath.Vision.AbbyyCloud.dll","D:\\Users\\RPA.Test8\\.nuget\\packages\\uipath.vision/1.6.1\\lib/net452/UiPath.Vision.AbbyyFRE11.dll","D:\\Users\\RPA.Test8\\.nuget\\packages\\uipath.vision/1.6.1\\lib/net452/UiPath.Vision.AbbyyFRE12.dll","D:\\Users\\RPA.Test8\\.nuget\\packages\\uipath.vision/1.6.1\\lib/net452/UiPath.Vision.AbbyyFRECommon.dll","D:\\Users\\RPA.Test8\\.nuget\\packages\\uipath.vision/1.6.1\\lib/net452/UiPath.Vision.AzureComputerVision.dll","D:\\Users\\RPA.Test8\\.nuget\\packages\\uipath.vision/1.6.1\\lib/net452/UiPath.Vision.Core.dll","D:\\Users\\RPA.Test8\\.nuget\\packages\\uipath.vision/1.6.1\\lib/net452/UiPath.Vision.GoogleCloud.dll","D:\\Users\\RPA.Test8\\.nuget\\packages\\uipath.vision/1.6.1\\lib/net452/UiPath.Vision.Microsoft.dll","D:\\Users\\RPA.Test8\\.nuget\\packages\\uipath.vision/1.6.1\\lib/net452/UiPath.Vision.MicrosoftCloud.dll","D:\\Users\\RPA.Test8\\.nuget\\packages\\uipath.vision/1.6.1\\lib/net452/UiPath.Vision.Tesseract.dll","D:\\Users\\RPA.Test8\\.nuget\\packages\\uipath.vision/1.6.1\\lib/net452/UiPath.Vision.dll"]},{"Package":{"Id":"UiPath.Mail.Activities","Version":"1.6.0"},"Assemblies":["D:\\Users\\RPA.Test8\\.nuget\\packages\\bouncycastle/1.8.5\\lib/BouncyCastle.Crypto.dll","D:\\Users\\RPA.Test8\\.nuget\\packages\\interop.domino.dll/1.0.0\\lib/Interop.Domino.dll","D:\\Users\\RPA.Test8\\.nuget\\packages\\microsoft.exchange.webservices/2.2.0\\lib/40/Microsoft.Exchange.WebServices.Auth.dll","D:\\Users\\RPA.Test8\\.nuget\\packages\\microsoft.exchange.webservices/2.2.0\\lib/40/Microsoft.Exchange.WebServices.dll","D:\\Users\\RPA.Test8\\.nuget\\packages\\microsoft.extensions.filesystemglobbing/2.2.0\\lib/netstandard2.0/Microsoft.Extensions.FileSystemGlobbing.dll","D:\\Users\\RPA.Test8\\.nuget\\packages\\system.valuetuple/4.5.0\\lib/net461/System.ValueTuple.dll","D:\\Users\\RPA.Test8\\.nuget\\packages\\uipath.mail.activities/1.6.0\\lib/net461/MailKit.dll","D:\\Users\\RPA.Test8\\.nuget\\packages\\uipath.mail.activities/1.6.0\\lib/net461/MimeKit.dll","D:\\Users\\RPA.Test8\\.nuget\\packages\\uipath.mail.activities/1.6.0\\lib/net461/UiPath.Mail.Activities.Design.dll","D:\\Users\\RPA.Test8\\.nuget\\packages\\uipath.mail.activities/1.6.0\\lib/net461/UiPath.Mail.Activities.dll","D:\\Users\\RPA.Test8\\.nuget\\packages\\uipath.mail.activities/1.6.0\\lib/net461/UiPath.Mail.dll"]},{"Package":{"Id":"UiPath.System.Activities","Version":"20.4.0"},"Assemblies":["D:\\Users\\RPA.Test8\\.nuget\\packages\\csvhelper/2.13.5\\lib/net40-client/CsvHelper.dll","D:\\Users\\RPA.Test8\\.nuget\\packages\\microsoft.aspnet.signalr.client/2.4.0\\lib/net45/Microsoft.AspNet.SignalR.Client.dll","D:\\Users\\RPA.Test8\\.nuget\\packages\\microsoft.rest.clientruntime/2.3.20\\lib/net461/Microsoft.Rest.ClientRuntime.dll","D:\\Users\\RPA.Test8\\.nuget\\packages\\newtonsoft.json/11.0.2\\lib/net45/Newtonsoft.Json.dll","D:\\Users\\RPA.Test8\\.nuget\\packages\\uipath.system.activities/20.4.0\\lib/net461/ActiproSoftware.Docking.Wpf.dll","D:\\Users\\RPA.Test8\\.nuget\\packages\\uipath.system.activities/20.4.0\\lib/net461/ActiproSoftware.Ribbon.Wpf.dll","D:\\Users\\RPA.Test8\\.nuget\\packages\\uipath.system.activities/20.4.0\\lib/net461/ActiproSoftware.Shared.Wpf.dll","D:\\Users\\RPA.Test8\\.nuget\\packages\\uipath.system.activities/20.4.0\\lib/net461/ActiproSoftware.SyntaxEditor.Addons.DotNet.Wpf.dll","D:\\Users\\RPA.Test8\\.nuget\\packages\\uipath.system.activities/20.4.0\\lib/net461/ActiproSoftware.SyntaxEditor.Wpf.dll","D:\\Users\\RPA.Test8\\.nuget\\packages\\uipath.system.activities/20.4.0\\lib/net461/ActiproSoftware.Text.Addons.DotNet.Wpf.dll","D:\\Users\\RPA.Test8\\.nuget\\packages\\uipath.system.activities/20.4.0\\lib/net461/ActiproSoftware.Text.LLParser.Wpf.dll","D:\\Users\\RPA.Test8\\.nuget\\packages\\uipath.system.activities/20.4.0\\lib/net461/ActiproSoftware.Text.Wpf.dll","D:\\Users\\RPA.Test8\\.nuget\\packages\\uipath.system.activities/20.4.0\\lib/net461/ActiproSoftware.Wizard.Wpf.dll","D:\\Users\\RPA.Test8\\.nuget\\packages\\uipath.system.activities/20.4.0\\lib/net461/UiPath.OrchestratorClient.dll","D:\\Users\\RPA.Test8\\.nuget\\packages\\uipath.system.activities/20.4.0\\lib/net461/UiPath.System.Activities.Design.dll","D:\\Users\\RPA.Test8\\.nuget\\packages\\uipath.system.activities/20.4.0\\lib/net461/UiPath.System.Activities.dll"]}],"Conflicts":[]}